Name,Location,Latitude,Longitude,AvailableAppointments
DuBuque - Fay Hospital,"18403 Garden Close, Kayonza, Rwanda",-1.595183,30.538482,92
Heathcote Inc Hospital,"40857 Padberg Junction, Ngororero, Rwanda",-2.59547,30.51042,90
"Dietrich, Goodwin and Kulas Hospital","6868 The Chase, Nyanza, Rwanda",-1.824599,30.022504,38
Marquardt Inc Hospital,"6116 Willis Brook, Rubavu, Rwanda",-2.773384,29.261805,69
"Hessel, Botsford and Bogan Hospital","6569 Walker Crossroad, Gitarama, Rwanda",-1.71011,30.700783,29
"Gulgowski, Feest and Rogahn Hospital","13055 Brisa Park, Rutsiro, Rwanda",-2.052054,30.030433,47
Emard LLC Hospital,"402 Fisher Wells, Kigali, Rwanda",-2.201621,30.409455,20
"Schmitt, Parisian and O'Kon Hospital","2945 Dane Cliff, Bugesera, Rwanda",-1.098934,29.543316,9
Hammes and Sons Hospital,"8767 Stiedemann Underpass, Nyagatare, Rwanda",-1.688652,30.037974,55
Heller - Johnston Hospital,"6907 Michelle Roads, Gasabo, Rwanda",-2.54004,30.391569,69
"Zboncak, Klocko and Trantow Hospital","6584 Mario Shores, Musanze, Rwanda",-2.431952,29.928459,49
"Lueilwitz, Quitzon and Gislason Hospital","22384 Kertzmann Grove, Rubavu, Rwanda",-1.345433,29.650254,21
Kulas Inc Hospital,"165 Marks Forge, Karongi, Rwanda",-1.524376,29.477549,43
"Rohan, Lind and Roob Hospital","412 Wuckert Gardens, Muhanga, Rwanda",-1.228729,29.611656,48
Murazik - Dickens Hospital,"48930 State Avenue, Rwamagana, Rwanda",-1.430181,29.138433,2
"Hammes, Kreiger and Muller Hospital","1415 Arvilla Burg, Nyamagabe, Rwanda",-2.807477,29.724127,25
Lakin - Dibbert Hospital,"46872 Scottie Ranch, Burera, Rwanda",-1.285993,30.544907,0
Greenholt - Wiegand Hospital,"37342 Saige Cliffs, Byumba, Rwanda",-1.531791,29.682406,35
"Schuppe, Paucek and Lubowitz Hospital","6085 Franco Pike, Kayonza, Rwanda",-2.833434,29.664971,16
"Wilkinson, Vandervort and Carter Hospital","6987 Cortney Roads, Butare, Rwanda",-1.669684,29.873946,78
McKenzie - Heaney Hospital,"3908 W Grand Avenue, Kamonyi, Rwanda",-1.921481,29.283747,22
Hagenes Group Hospital,"695 Fahey Prairie, Nyanza, Rwanda",-2.338054,28.9927,3
Ortiz - McLaughlin Hospital,"60061 Bernita Plaza, Ruhengeri, Rwanda",-2.113293,30.29044,10
Fahey - Ferry Hospital,"109 Johnson Mountain, Rwamagana, Rwanda",-1.138387,29.226695,67
"Huel, Runolfsdottir and Cruickshank Hospital","93100 12th Street, Rubavu, Rwanda",-1.858344,29.696048,76
"Bednar, O'Kon and Hand Hospital","4811 Stark Neck, Rusizi, Rwanda",-1.564615,30.3173,4
Daniel - Bins Hospital,"944 Weber Hill, Karongi, Rwanda",-1.353534,30.80172,13
Becker - Willms Hospital,"29179 Vernie Plain, Rutsiro, Rwanda",-2.599524,29.99926,65
"Gislason, Moen and Berge Hospital","170 Huel Mount, Muhanga, Rwanda",-2.097072,30.273531,64
"Wisozk, Rath and Mraz Hospital","326 Jammie Parkway, Bugesera, Rwanda",-1.729074,28.995507,89
"Ruecker, Homenick and Dach Hospital","424 Brekke Well, Kigali, Rwanda",-2.641156,30.322798,33
Dickinson and Sons Hospital,"42705 Carmel Union, Cyangugu, Rwanda",-1.960282,29.702372,32
Treutel - Bednar Hospital,"53118 E Water Street, Gicumbi, Rwanda",-1.279567,29.451851,67
Purdy LLC Hospital,"542 The Rise, Byumba, Rwanda",-1.30309,29.752003,85
Simonis - MacGyver Hospital,"210 N Front Street, Nyanza, Rwanda",-2.564902,29.400471,53
Beer and Sons Hospital,"84410 Krystal Alley, Ruhengeri, Rwanda",-2.397071,29.038209,15
Kutch - Cummings Hospital,"1798 Commerce Street, Nyabihu, Rwanda",-2.762283,30.161847,69
Klein LLC Hospital,"47965 Broadway, Cyangugu, Rwanda",-2.743202,30.00134,29
Jakubowski and Sons Hospital,"1204 Elise Street, Kibungo, Rwanda",-1.648683,30.828737,43
"Cronin, Wilkinson and Kiehn Hospital","36299 Claire Drive, Nyabihu, Rwanda",-2.414577,29.640562,76
"Cronin, Ratke and Carter Hospital","4078 Mellie Curve, Nyamagabe, Rwanda",-1.159297,29.588146,7
Parker - Halvorson Hospital,"860 Jones Harbor, Butare, Rwanda",-1.386617,29.641414,22
O'Kon Group Hospital,"2349 The Ridings, Huye, Rwanda",-1.352451,30.375912,40
DuBuque Inc Hospital,"17858 E Broadway, Musanze, Rwanda",-2.355503,29.545716,22
Kertzmann - Johns Hospital,"273 Meghan Neck, Ruhengeri, Rwanda",-1.98267,29.653991,93
Botsford and Sons Hospital,"9803 O'Keefe Rue, Butare, Rwanda",-1.824088,30.433094,45
"Gislason, Kohler and Lueilwitz Hospital","12560 Lang Estates, Gasabo, Rwanda",-1.127294,29.709553,37
"Heaney, Bednar and Cummings Hospital","26377 Jeffrey Bridge, Nyarugenge, Rwanda",-2.423551,29.540096,33
Romaguera - Carter Hospital,"90735 The Sidings, Rulindo, Rwanda",-1.771124,29.221052,28
Wyman - Yundt Hospital,"61756 Reinger Viaduct, Nyarugenge, Rwanda",-2.817175,29.219144,30
"Hintz, McClure and Maggio Hospital","611 Jeromy Neck, Kibungo, Rwanda",-1.574551,30.771352,89
Spencer - Zieme Hospital,"881 Madie Center, Ngororero, Rwanda",-1.75494,30.661936,95
Hauck - Volkman Hospital,"131 Carson Forge, Musanze, Rwanda",-2.122173,30.716137,77
"Trantow, Cartwright and Swaniawski Hospital","722 Fay Pines, Nyabihu, Rwanda",-1.471807,29.393866,43
Mosciski - Bashirian Hospital,"6029 E 8th Street, Nyamasheke, Rwanda",-2.454146,30.695193,87
Hintz Inc Hospital,"979 Botsford Harbors, Huye, Rwanda",-1.278902,29.270495,64
Hahn - VonRueden Hospital,"66987 Fay Island, Nyanza, Rwanda",-2.580104,29.783947,89
Hansen - Friesen Hospital,"33444 Alexandra Rest, Nyagatare, Rwanda",-1.236002,29.272886,43
"Smith, Smith and Kutch Hospital","7148 W 3rd Street, Nyagatare, Rwanda",-1.383589,30.711428,52
Jenkins Group Hospital,"5466 N Center Street, Rutsiro, Rwanda",-2.558677,30.164626,22
"Weissnat, Luettgen and Johns Hospital","6936 Schiller Wall, Kigali, Rwanda",-2.184963,30.019608,73
Spinka - Brown Hospital,"9453 Judd Glens, Kamonyi, Rwanda",-1.591107,29.508006,36
Ratke - Lakin Hospital,"76996 Bertram Isle, Butare, Rwanda",-1.305929,30.663362,87
Roberts - Cormier Hospital,"702 Ebert Motorway, Ngoma, Rwanda",-2.098249,29.176782,61
"Bauch, Will and Morar Hospital","93302 Max Course, Kigali, Rwanda",-2.126447,29.293761,30
Baumbach - Bernier Hospital,"210 Maritza Causeway, Rutsiro, Rwanda",-2.400006,30.000984,51
Rodriguez - Streich Hospital,"1245 Breitenberg Gardens, Nyanza, Rwanda",-2.039832,29.172468,49
Swift Group Hospital,"709 4th Avenue, Gisenyi, Rwanda",-2.219553,29.662693,51
"Langosh, Cummings and Muller Hospital","489 Lilian Mount, Huye, Rwanda",-1.925372,29.636533,79
Schumm and Sons Hospital,"11430 E Broad Street, Byumba, Rwanda",-2.626163,29.529161,91
"Upton, Heidenreich and McGlynn Hospital","64544 Noah Springs, Butare, Rwanda",-2.582171,30.844959,69
Ruecker - Dietrich Hospital,"93591 Noemi Haven, Rutsiro, Rwanda",-1.811403,29.505564,27
Bogan - Lynch Hospital,"898 The Laurels, Huye, Rwanda",-1.840056,29.032651,42
Mertz - Gusikowski Hospital,"2615 Schumm Stream, Ruhango, Rwanda",-2.033413,30.886283,59
"Stiedemann, Bins and Goodwin Hospital","8180 Gerhold Dale, Rusizi, Rwanda",-2.371063,29.899927,30
Howell - Fadel Hospital,"779 Leannon Glens, Bugesera, Rwanda",-1.342017,29.874456,10
Wolf Group Hospital,"833 Toni Hollow, Kayonza, Rwanda",-1.79343,30.114526,58
"Hegmann, Sipes and Lowe Hospital","8366 N Chestnut Street, Rwamagana, Rwanda",-1.991496,30.729692,47
Hills Inc Hospital,"886 Spring Gardens, Karongi, Rwanda",-2.797527,29.340542,73
Sauer - Klocko Hospital,"73148 Stone Glens, Burera, Rwanda",-1.529247,30.714742,35
Kulas Inc Hospital,"5047 Ellen Estates, Ngoma, Rwanda",-2.158024,29.447943,89
Gleichner - Bode Hospital,"28626 Chestnut Street, Kibungo, Rwanda",-2.742167,29.796619,62
Sauer and Sons Hospital,"89736 Lacy Walks, Rwamagana, Rwanda",-1.112425,29.123919,59
Gottlieb Group Hospital,"50601 Heller Springs, Bugesera, Rwanda",-2.663784,29.518706,85
Bailey - Kohler Hospital,"19588 Rogahn Junctions, Nyarugenge, Rwanda",-1.855634,30.810535,84
Lind Inc Hospital,"5516 Connelly Fords, Musanze, Rwanda",-2.793272,29.607175,13
"Powlowski, Lang and Ondricka Hospital","86790 Cedar Avenue, Ruhengeri, Rwanda",-1.971819,29.584122,4
Hamill and Sons Hospital,"29782 Ada Club, Nyamasheke, Rwanda",-1.089653,29.185406,77
McCullough Group Hospital,"53278 Cemetery Road, Burera, Rwanda",-2.121397,30.753595,9
Hermann LLC Hospital,"333 Morris Glens, Kamonyi, Rwanda",-1.189398,29.815494,50
Dare Group Hospital,"2834 Brennan Glen, Nyabihu, Rwanda",-2.543581,30.348828,11
"Koch, McCullough and Halvorson Hospital","18835 W 4th Avenue, Rwamagana, Rwanda",-2.642322,28.899331,99
Murazik and Sons Hospital,"730 Gleichner Haven, Gatsibo, Rwanda",-1.18935,29.809853,58
"Stehr, Fritsch and Hessel Hospital","8088 Pine Close, Burera, Rwanda",-2.4447,29.439152,62
Blick Inc Hospital,"3377 Market Street, Gicumbi, Rwanda",-1.961435,29.425616,9
"Hansen, Pollich and Nicolas Hospital","681 S 10th Street, Kibuye, Rwanda",-2.748673,30.896098,95
"Thompson, Quitzon and Wyman Hospital","5821 Gleason Terrace, Rulindo, Rwanda",-2.785719,29.528973,94
O'Conner and Sons Hospital,"57578 W Broadway, Ngoma, Rwanda",-1.320475,30.795116,69
Stehr and Sons Hospital,"689 Rowe Field, Kayonza, Rwanda",-1.81264,30.23169,23
Kreiger Inc Hospital,"1625 Juston Hollow, Kamonyi, Rwanda",-1.955134,30.294859,13
Hessel - Tillman Hospital,"97387 St John's Road, Nyanza, Rwanda",-1.694321,29.015542,36
McLaughlin Inc Hospital,"379 Ernie Lake, Kibungo, Rwanda",-2.177607,29.123518,20
"Little, Hirthe and Williamson Hospital","4311 Claude Path, Ngoma, Rwanda",-1.205237,29.457546,26
Sawayn - Bailey Hospital,"49652 Shirley Extensions, Nyamasheke, Rwanda",-2.550101,30.121977,72
Swaniawski - Oberbrunner Hospital,"6197 Albion Street, Rwamagana, Rwanda",-2.159901,30.115252,40
"Moen, Prohaska and Rolfson Hospital","72137 Curtis Oval, Byumba, Rwanda",-1.680355,30.394191,51
"Weissnat, Hills and Weissnat Hospital","2121 Lodge Close, Butare, Rwanda",-1.841105,30.467842,22
"Donnelly, Cormier and Beahan Hospital","1296 Depot Street, Kicukiro, Rwanda",-2.517148,30.365134,86
Jenkins - Bradtke Hospital,"843 Ned Hill, Gatsibo, Rwanda",-1.793762,29.033573,6
Pagac - Gutkowski Hospital,"379 Randy Field, Kigali, Rwanda",-2.443857,30.443898,19
Berge - Smith Hospital,"61630 Balistreri Mews, Gatsibo, Rwanda",-1.845145,30.352083,71
"Kertzmann, Hansen and Hudson Hospital","18259 Holly Close, Nyabihu, Rwanda",-1.682274,29.546494,56
"Koch, Schroeder and Upton Hospital","96865 Goodwin Rapid, Karongi, Rwanda",-2.467971,30.19465,29
"Medhurst, Schaden and Parisian Hospital","1940 Della Field, Nyarugenge, Rwanda",-2.148164,30.325448,77
"Wolf, Roob and Roob Hospital","407 Central Street, Nyabihu, Rwanda",-1.932983,29.736454,82
"Hickle, Bosco and Corkery Hospital","77115 S Chestnut Street, Musanze, Rwanda",-1.898516,29.168076,77
Collins - Bashirian Hospital,"2698 Division Street, Nyanza, Rwanda",-1.168892,30.126517,11
Kulas Group Hospital,"9210 Reilly Corner, Rulindo, Rwanda",-1.060396,29.731543,15
"Franecki, Bosco and Purdy Hospital","675 Carmen Land, Gasabo, Rwanda",-2.726549,30.009291,75
Green LLC Hospital,"4306 Zulauf Garden, Rutsiro, Rwanda",-2.440151,29.312251,12
Rau - Kiehn Hospital,"4549 Chapel Hill, Rulindo, Rwanda",-1.711968,30.028901,18
Mann Group Hospital,"382 S Front Street, Kibuye, Rwanda",-2.298402,30.780795,26
"Hudson, Morar and VonRueden Hospital","25967 College Street, Ruhengeri, Rwanda",-2.052911,30.859582,78
Rodriguez Inc Hospital,"5408 Mariela Dale, Nyarugenge, Rwanda",-1.311858,30.262291,98
"Kemmer, Fisher and Hegmann Hospital","586 Louisa Forest, Gatsibo, Rwanda",-1.256858,30.653273,80
Langworth Inc Hospital,"2750 Nolan Manor, Nyanza, Rwanda",-1.725945,29.828256,47
Simonis Group Hospital,"78076 S Oak Street, Ngoma, Rwanda",-1.368162,29.012464,46
Lueilwitz and Sons Hospital,"255 Bayer Village, Rusizi, Rwanda",-1.613704,30.228092,85
Dickens - Macejkovic Hospital,"31177 Nienow Crossing, Gicumbi, Rwanda",-2.427014,29.617356,2
"Howell, Orn and Stoltenberg Hospital","5273 Church Hill, Rusizi, Rwanda",-1.562323,29.724074,93
"Nader, Vandervort and Considine Hospital","51627 Toy Rest, Rusizi, Rwanda",-1.791264,29.59693,20
Greenfelder - Deckow Hospital,"7053 Idell Lane, Kigali, Rwanda",-2.638806,28.887134,16
"Herzog, Little and Durgan Hospital","730 Carlee Walk, Nyamasheke, Rwanda",-1.542378,29.843435,83
Jenkins LLC Hospital,"1925 S Water Street, Nyamasheke, Rwanda",-2.063208,30.345797,91
Gibson - Koepp Hospital,"3435 Leuschke Land, Ngoma, Rwanda",-1.185556,29.581559,58
Mills and Sons Hospital,"8901 Ortiz Garden, Nyabihu, Rwanda",-1.819498,28.901764,98
"Conroy, Boyer and Waters Hospital","9078 Bell Lane, Gatsibo, Rwanda",-2.314268,29.090541,39
Stamm - Russel Hospital,"415 Hudson Spur, Gasabo, Rwanda",-1.947849,29.30627,33
Hayes and Sons Hospital,"534 Dibbert Rapids, Burera, Rwanda",-2.095242,30.018387,79
Kautzer and Sons Hospital,"619 N Bridge Street, Kayonza, Rwanda",-2.561011,29.0105,43
Runte - Sporer Hospital,"8467 Emely Alley, Nyagatare, Rwanda",-2.317538,30.384141,82
Steuber LLC Hospital,"42242 Nikolaus Roads, Rulindo, Rwanda",-2.47012,30.047266,95
Mante Inc Hospital,"14268 Elm Grove, Nyamasheke, Rwanda",-1.845078,29.923815,52
Kuhlman LLC Hospital,"9439 Remington Lodge, Huye, Rwanda",-1.500311,29.141052,61
Cartwright and Sons Hospital,"1372 Makenna River, Kibungo, Rwanda",-1.745527,30.267391,38
Nitzsche - Gutmann Hospital,"94993 Kuhic Crest, Gatsibo, Rwanda",-1.947139,30.680778,53
Zboncak - Dickinson Hospital,"329 Queen's Road, Bugesera, Rwanda",-1.974789,30.014777,78
Ankunding - Huel Hospital,"163 Clarissa Junction, Nyamagabe, Rwanda",-1.337315,29.771566,40
Becker LLC Hospital,"71203 Homenick Fords, Butare, Rwanda",-1.813491,29.929221,1
Williamson and Sons Hospital,"41262 Glover Mews, Burera, Rwanda",-2.000559,30.066779,74
"Stark, Kertzmann and Murphy Hospital","8352 Cleta Fort, Butare, Rwanda",-1.307569,30.603995,62
Corwin - Jacobson Hospital,"7069 Schinner Square, Rwamagana, Rwanda",-1.545522,28.966779,35
"Von, Collins and Schimmel Hospital","273 Howell Glen, Ngoma, Rwanda",-2.425592,29.028846,18
Hudson LLC Hospital,"83762 Buckingham Road, Rulindo, Rwanda",-1.057478,29.098935,43
"Leannon, Koss and Rempel Hospital","286 E 10th Street, Ruhango, Rwanda",-1.791456,29.55608,63
Harber - Becker Hospital,"86723 Colten Trafficway, Kigali, Rwanda",-2.404787,30.873133,45
Daniel Group Hospital,"16412 Lawrence Street, Bugesera, Rwanda",-1.289668,29.363885,62
Jacobi Group Hospital,"63223 Smitham Glens, Nyabihu, Rwanda",-2.055069,29.376742,24
"Ryan, Adams and Towne Hospital","863 Heller Route, Gicumbi, Rwanda",-1.443526,30.83879,29
Koss and Sons Hospital,"4619 Monahan Haven, Kamonyi, Rwanda",-1.122723,29.141934,11
Lehner LLC Hospital,"177 S Water Street, Muhanga, Rwanda",-1.607335,29.252608,74
Gutmann Inc Hospital,"60865 Gracie Point, Gisenyi, Rwanda",-2.609803,29.847979,30
Quigley Group Hospital,"560 Deshawn Neck, Gatsibo, Rwanda",-2.24271,29.315669,68
"Pfeffer, Smitham and Kunde Hospital","153 E Broadway, Gicumbi, Rwanda",-1.574552,29.420954,98
"Hane, Nikolaus and Prohaska Hospital","9864 Prosacco Fork, Rusizi, Rwanda",-1.740459,30.114859,50
Kunze and Sons Hospital,"8311 Mulberry Street, Kibungo, Rwanda",-2.320605,29.562187,21
"Zieme, Abernathy and Kiehn Hospital","8964 Satterfield Creek, Huye, Rwanda",-2.12555,29.795178,18
"Schmitt, Wiegand and Bode Hospital","8070 Hackett Oval, Kigali, Rwanda",-1.593393,30.879754,65
Thiel - Grant Hospital,"881 Kuhn Circle, Kibuye, Rwanda",-1.236013,30.802496,8
Mosciski Inc Hospital,"2891 Ash Road, Nyanza, Rwanda",-2.418188,30.814261,61
Welch - Larkin Hospital,"5810 Hill Street, Rubavu, Rwanda",-1.861518,30.654762,79
Vandervort - Macejkovic Hospital,"625 Mount Pleasant, Gisenyi, Rwanda",-1.307262,30.700526,8
Cronin - Kiehn Hospital,"5680 Parker Valleys, Gicumbi, Rwanda",-1.908099,30.587982,7
"Johnston, Rempel and Padberg Hospital","481 Fritz Crossroad, Cyangugu, Rwanda",-1.855937,29.754168,56
Pouros - Cronin Hospital,"17420 Smitham Drives, Gasabo, Rwanda",-2.020491,30.361235,51
Brown - Oberbrunner Hospital,"7606 14th Street, Gitarama, Rwanda",-1.173176,29.619007,18
MacGyver - Marks Hospital,"9075 Jed Route, Nyagatare, Rwanda",-2.810433,30.100224,50
Kautzer and Sons Hospital,"76051 Priory Close, Kayonza, Rwanda",-1.227591,30.621449,47
Keebler and Sons Hospital,"665 E 5th Street, Nyanza, Rwanda",-2.650622,28.943735,82
"Kessler, Ledner and Ratke Hospital","5075 Elza Villages, Kibungo, Rwanda",-2.617052,30.753646,24
Crist - Bashirian Hospital,"42220 Willow Street, Musanze, Rwanda",-2.625508,29.514062,96
Hilpert Group Hospital,"81295 Veum Pine, Kibungo, Rwanda",-1.544904,29.587814,48
Lesch and Sons Hospital,"9298 Tommie Spring, Rulindo, Rwanda",-2.374838,30.426737,13
"Hegmann, Gutkowski and Romaguera Hospital","23809 Gardner Lake, Gatsibo, Rwanda",-1.164102,30.251572,86
Aufderhar - Franecki Hospital,"3186 Runte Creek, Gatsibo, Rwanda",-2.812543,28.974826,28
"Schaefer, McLaughlin and Bins Hospital","50291 N Franklin Street, Rubavu, Rwanda",-2.548083,29.55974,83
Becker - Brown Hospital,"6122 Brice Centers, Gitarama, Rwanda",-2.076974,30.492264,96
Wolf Group Hospital,"1376 E 3rd Street, Huye, Rwanda",-1.671718,29.968277,50
"Brekke, Predovic and White Hospital","3048 Damaris Lodge, Nyabihu, Rwanda",-1.889525,29.544796,76
Turner and Sons Hospital,"2537 Jubilee Close, Ngororero, Rwanda",-2.497768,29.172086,99
Welch - O'Reilly Hospital,"3106 Heron Close, Kibuye, Rwanda",-1.099178,29.810232,45
Tromp Inc Hospital,"6864 Mill Close, Burera, Rwanda",-2.398593,30.650685,58
Grant - Kuphal Hospital,"597 Duke Street, Ruhengeri, Rwanda",-1.607655,30.405391,1
"Gusikowski, Gusikowski and Larkin Hospital","2332 Huels Fords, Kicukiro, Rwanda",-1.206066,29.098192,82
Wiza - Conroy Hospital,"32751 Emard Divide, Rubavu, Rwanda",-1.676253,28.902292,20
"Mante, Anderson and Konopelski Hospital","7824 Nicolas Fields, Rubavu, Rwanda",-2.093875,29.714068,77
Durgan - O'Keefe Hospital,"6834 Willow Drive, Musanze, Rwanda",-2.562214,30.73079,4
Bauch - Jones Hospital,"39896 Devon View, Kamonyi, Rwanda",-1.164559,30.614867,18
Hilll - West Hospital,"300 Reba Ferry, Rutsiro, Rwanda",-1.185812,29.494718,34
Ruecker Inc Hospital,"3947 Riverside Avenue, Nyagatare, Rwanda",-1.570051,29.163373,46
"Runolfsson, Rippin and Gibson Hospital","59551 Hassan Knoll, Nyagatare, Rwanda",-1.542248,30.131827,87
"Rath, Mills and Russel Hospital","913 Roberta Station, Nyabihu, Rwanda",-2.696441,30.47548,29
"Stiedemann, Flatley and Hartmann Hospital","98545 The Hawthorns, Nyabihu, Rwanda",-1.398074,29.700209,96
"Herman, Weber and Feest Hospital","506 Halvorson Harbor, Huye, Rwanda",-1.230177,29.764747,1
Lynch - Schoen Hospital,"32950 Bednar Knolls, Ngororero, Rwanda",-2.160195,30.70064,78
"Quigley, Kunde and Adams Hospital","926 Cory Highway, Kamonyi, Rwanda",-2.410675,30.089921,76
"Von, Batz and Jast Hospital","214 Pink Trafficway, Nyarugenge, Rwanda",-2.380547,29.904337,84
Kunde and Sons Hospital,"302 Westgate, Gasabo, Rwanda",-2.485241,30.478238,98
Wehner - Schuster Hospital,"765 Lance Ford, Gitarama, Rwanda",-2.624111,30.768876,77
"Muller, Bauch and Walter Hospital","908 Sanford Spring, Kigali, Rwanda",-2.237415,30.010935,26
Koss - Lesch Hospital,"8065 Schmitt Streets, Gasabo, Rwanda",-1.912043,30.007258,21
Doyle and Sons Hospital,"65255 Madeline Views, Burera, Rwanda",-2.746326,29.39873,36
Prosacco - Bogisich Hospital,"258 Buford Road, Kicukiro, Rwanda",-2.60671,30.225969,88
Franecki - Lebsack Hospital,"41386 Bulah Unions, Gitarama, Rwanda",-1.623443,30.409436,51
"Maggio, Denesik and Brown Hospital","386 Jubilee Close, Nyamasheke, Rwanda",-1.540776,29.491429,86
"Schmitt, Conroy and Balistreri Hospital","98750 Schamberger Common, Rusizi, Rwanda",-2.355075,29.240174,5
Romaguera and Sons Hospital,"34433 McLaughlin Gardens, Rwamagana, Rwanda",-2.245133,30.583675,90
"Mueller, Schaden and Becker Hospital","2744 Loren Cove, Rusizi, Rwanda",-2.05083,29.692746,31
Brown - Ankunding Hospital,"18358 Felix Mill, Nyamagabe, Rwanda",-2.573175,29.001056,2
Bartoletti - Murazik Hospital,"149 Gideon Oval, Rutsiro, Rwanda",-2.176435,29.610374,5
"Lueilwitz, Jenkins and McDermott Hospital","988 Anne Glens, Kayonza, Rwanda",-1.498308,29.431657,16
Kris and Sons Hospital,"134 Diamond Branch, Nyarugenge, Rwanda",-1.383974,29.05258,33
Langworth - Schowalter Hospital,"750 Cartwright Park, Gatsibo, Rwanda",-1.700365,29.612705,35
"Berge, Yost and Leannon Hospital","5349 Jeromy Squares, Rwamagana, Rwanda",-1.578616,30.685252,13
Shanahan Group Hospital,"3956 Adrianna Roads, Huye, Rwanda",-2.644778,29.520131,66
"Gutmann, Marvin and Stroman Hospital","416 Laburnum Grove, Rulindo, Rwanda",-1.057576,30.596186,52
Maggio - Lehner Hospital,"289 Clarence Street, Nyamagabe, Rwanda",-2.317395,30.764702,8
Stracke - Dicki Hospital,"624 Newton Road, Nyamasheke, Rwanda",-2.531114,29.212425,35
Kris - Von Hospital,"99218 May Skyway, Ngoma, Rwanda",-1.711001,30.372648,59
"Hamill, Nicolas and Rogahn Hospital","18279 Gerlach Route, Huye, Rwanda",-2.688742,29.419436,18
"Hirthe, Gulgowski and Schuppe Hospital","999 Cleveland Views, Nyagatare, Rwanda",-2.761118,29.708668,52
"Bernier, Daniel and Von Hospital","236 Lincoln Avenue, Nyagatare, Rwanda",-1.543014,30.620342,79
Gislason LLC Hospital,"829 Mertz Drives, Nyarugenge, Rwanda",-1.886567,30.639553,14
Schaefer Inc Hospital,"2396 Laurianne Mission, Karongi, Rwanda",-1.159082,29.683093,15
Yost Inc Hospital,"491 Marie Hill, Kamonyi, Rwanda",-1.977038,30.825769,3
"Casper, Dietrich and Raynor Hospital","2516 Quitzon Villages, Gisenyi, Rwanda",-1.97929,29.68937,92
Labadie Group Hospital,"8750 Woodlands Close, Ngoma, Rwanda",-2.554018,29.651654,78
Feest Inc Hospital,"1813 Amani Ways, Rulindo, Rwanda",-1.14581,29.680607,34
Sanford - Hessel Hospital,"965 DuBuque Unions, Kibuye, Rwanda",-1.686773,29.27045,39
Murray - Marks Hospital,"78342 Antonina Harbor, Muhanga, Rwanda",-2.333609,30.772963,22
Tillman Group Hospital,"5052 Jaskolski Rapids, Gitarama, Rwanda",-1.916718,29.377114,83
"Heathcote, Stracke and Nitzsche Hospital","67542 W 4th Street, Gisenyi, Rwanda",-1.895854,30.678067,80
"Greenfelder, Aufderhar and Harber Hospital","38595 Beech Grove, Ruhango, Rwanda",-2.752173,30.25275,63
"Beier, Hoppe and Armstrong Hospital","486 Sporer Greens, Gisenyi, Rwanda",-1.476719,30.167844,65
Stoltenberg Group Hospital,"604 Holly Close, Ngororero, Rwanda",-1.403234,29.296486,74
Fay and Sons Hospital,"967 Mattie Orchard, Kicukiro, Rwanda",-1.551082,29.498743,62
Walsh Group Hospital,"7565 Field Close, Karongi, Rwanda",-2.444326,29.349346,59
"Sauer, Mann and Watsica Hospital","660 Terry Ferry, Nyagatare, Rwanda",-2.533449,29.409851,52
Hackett and Sons Hospital,"7941 Greenholt Coves, Cyangugu, Rwanda",-1.090158,29.609857,16
"Shanahan, Terry and Swift Hospital","621 W Broadway Avenue, Ruhango, Rwanda",-2.41425,29.793298,88
"Bernier, Champlin and Brown Hospital","14573 Rohan Gateway, Nyamasheke, Rwanda",-2.315539,30.689549,47
Metz - Kerluke Hospital,"7150 Grove Road, Nyagatare, Rwanda",-1.552038,29.718588,19
Kilback and Sons Hospital,"14569 Clarence Street, Kayonza, Rwanda",-2.805728,30.341039,87
"Crooks, Hirthe and Kassulke Hospital","5261 Wisoky Harbor, Gisenyi, Rwanda",-1.596768,29.61777,76
"Wuckert, O'Connell and Thiel Hospital","64495 Greenville Road, Karongi, Rwanda",-1.704302,30.48085,81
Jenkins LLC Hospital,"33185 Avenue Road, Nyagatare, Rwanda",-1.461599,30.362861,63
Bahringer - Franey Hospital,"47259 Rowe Centers, Ngororero, Rwanda",-1.384386,29.423039,15
Ebert LLC Hospital,"747 Chadrick Lights, Nyabihu, Rwanda",-1.58163,29.587212,37
Casper - Schroeder Hospital,"49463 Becker Divide, Nyabihu, Rwanda",-2.679222,29.914307,10
Maggio LLC Hospital,"933 Evangeline Orchard, Kamonyi, Rwanda",-2.604502,30.686353,51
"Dietrich, Ratke and Hackett Hospital","80397 S State Street, Rutsiro, Rwanda",-2.609962,28.874317,95
"Donnelly, Wolff and Schmitt Hospital","1611 Louisa Wall, Rutsiro, Rwanda",-2.104195,29.435222,4
Satterfield - Bartell Hospital,"4023 Natasha Inlet, Ngoma, Rwanda",-1.407439,30.253003,24
"Mosciski, Stiedemann and Quigley Hospital","2098 Homenick Lodge, Kibuye, Rwanda",-2.533602,29.313916,95
Pollich Group Hospital,"26031 N Poplar Street, Gicumbi, Rwanda",-1.47507,30.053545,80
Deckow LLC Hospital,"8278 Franecki Haven, Ngororero, Rwanda",-2.095442,29.178447,22
Walter LLC Hospital,"6371 The Causeway, Butare, Rwanda",-2.812037,29.125705,43
Sporer Inc Hospital,"1999 Hackett Motorway, Ruhengeri, Rwanda",-2.503276,29.862652,13
Steuber - Wolf Hospital,"51425 Kathlyn Ville, Rusizi, Rwanda",-2.105544,30.786675,23
Bailey - Cummerata Hospital,"437 Lebsack Square, Bugesera, Rwanda",-1.92927,30.750147,8
"Weber, Willms and Douglas Hospital","80764 Miller Bypass, Rusizi, Rwanda",-1.278024,29.559312,59
Botsford Inc Hospital,"5564 Jenkins Glen, Musanze, Rwanda",-2.428913,29.267741,33
"Green, Schmidt and Lebsack Hospital","644 W 11th Street, Kigali, Rwanda",-2.010961,29.329207,68
Greenholt LLC Hospital,"4136 Manuela Extension, Karongi, Rwanda",-2.042525,30.462584,54
Dare LLC Hospital,"61702 Abby Neck, Ruhengeri, Rwanda",-1.062334,29.753275,48
Homenick and Sons Hospital,"219 Feeney Freeway, Ruhengeri, Rwanda",-1.963155,29.269711,27
"Gibson, Sporer and Kunze Hospital","8818 Melyssa Street, Byumba, Rwanda",-2.277329,30.324369,57
"Paucek, Ritchie and Friesen Hospital","73405 Prohaska Street, Cyangugu, Rwanda",-2.382734,29.860699,25
"Treutel, Willms and Huels Hospital","187 Lance Shore, Huye, Rwanda",-2.800767,30.561464,72
"Dach, Hackett and Lemke Hospital","91196 Rhianna Forge, Butare, Rwanda",-2.054796,29.397782,66
Simonis - Green Hospital,"69895 Cyril Forges, Nyagatare, Rwanda",-2.03459,29.628728,89
Paucek Group Hospital,"51875 Larkin Walk, Nyanza, Rwanda",-1.642435,28.956193,69
"Botsford, Price and Littel Hospital","75055 State Avenue, Kibungo, Rwanda",-2.111772,28.981582,92
"Olson, Towne and Frami Hospital","5143 Toby Courts, Rubavu, Rwanda",-2.230905,28.947744,52
"Collier, Hickle and Emmerich Hospital","6399 Friesen Coves, Nyamasheke, Rwanda",-1.108308,29.918592,4
Murazik Inc Hospital,"45551 Rahsaan Unions, Karongi, Rwanda",-1.579237,30.117742,38
"Hane, Gusikowski and Schuppe Hospital","209 Golden Mall, Gasabo, Rwanda",-2.011083,29.55912,29
"Harvey, Schuster and Hills Hospital","67566 Ortiz Hill, Butare, Rwanda",-2.07737,30.678052,29
McGlynn Inc Hospital,"126 Manor Road, Rwamagana, Rwanda",-2.466545,29.907947,62
Douglas Group Hospital,"2700 Tyson Gardens, Cyangugu, Rwanda",-1.23881,29.34154,33
Hagenes and Sons Hospital,"71705 N 1st Street, Gicumbi, Rwanda",-2.047278,30.218512,11
"McLaughlin, Kihn and Stehr Hospital","9592 3rd Avenue, Nyagatare, Rwanda",-1.884141,30.138393,72
"McCullough, Connelly and Hintz Hospital","8522 Ruben Via, Muhanga, Rwanda",-1.05817,29.731684,75
"Ledner, Schmitt and Murray Hospital","435 Hickle Stravenue, Nyarugenge, Rwanda",-1.693213,30.686182,27
Toy - Feeney Hospital,"9861 Birch Close, Burera, Rwanda",-1.240134,30.657331,36
Kulas Inc Hospital,"2842 Dianna Camp, Ruhango, Rwanda",-1.490547,29.60132,53
Bernhard Inc Hospital,"14181 Hagenes Burg, Byumba, Rwanda",-2.264181,28.89221,47
Parisian - Kuvalis Hospital,"5876 Gleason Camp, Kayonza, Rwanda",-1.449036,30.244447,55
Batz Group Hospital,"7696 Hane Dam, Bugesera, Rwanda",-1.674039,30.689005,36
Mann and Sons Hospital,"168 Commercial Road, Gisenyi, Rwanda",-1.536268,30.574975,60
"Reichert, Sipes and Blanda Hospital","438 Becker Hollow, Nyarugenge, Rwanda",-2.087151,30.06739,90
"Windler, Crooks and Sawayn Hospital","44099 Roxane Throughway, Rubavu, Rwanda",-2.335208,29.342872,4
"Heidenreich, Kuvalis and Funk Hospital","6942 Adriel Square, Ngororero, Rwanda",-2.578019,30.354991,82
Johns - Kuhn Hospital,"64500 Grady Rapids, Byumba, Rwanda",-1.652695,28.88594,26
Becker - Christiansen Hospital,"7596 North Avenue, Kigali, Rwanda",-1.330552,29.599952,90
"Kreiger, Little and Kuhic Hospital","6070 Jackson Street, Gitarama, Rwanda",-1.985714,30.617891,25
Ratke Group Hospital,"890 Alisa Falls, Ruhango, Rwanda",-1.405121,29.83103,81
Rowe - Rosenbaum Hospital,"275 Stanley Street, Rulindo, Rwanda",-1.854128,30.565402,25
Ziemann Inc Hospital,"906 Rosemary Ridge, Rusizi, Rwanda",-1.848894,28.899589,79
"Kerluke, Bernier and Hirthe Hospital","6205 Dibbert Drives, Bugesera, Rwanda",-2.213885,29.664019,25
"Sipes, Wilkinson and Bogan Hospital","969 Feest Cliffs, Nyabihu, Rwanda",-1.462239,29.221372,94
Nolan and Sons Hospital,"1370 Destany Island, Musanze, Rwanda",-1.758813,29.675483,74
"Kutch, Hackett and Muller Hospital","22480 Leora Plain, Bugesera, Rwanda",-1.623026,29.146244,35
"Waelchi, Mills and Stoltenberg Hospital","989 Baumbach Corner, Nyamagabe, Rwanda",-1.534714,29.833974,52
West Inc Hospital,"754 Coronation Avenue, Huye, Rwanda",-2.758113,30.612543,63
Rippin Group Hospital,"9447 Cruickshank Burg, Kicukiro, Rwanda",-2.444415,30.273932,88
Lowe - Sawayn Hospital,"557 Marilyne Pines, Ruhengeri, Rwanda",-1.297152,29.48972,31
Leannon - Wolff Hospital,"877 Nigel Prairie, Muhanga, Rwanda",-2.330812,30.177449,99
"Franey, Robel and Little Hospital","253 Janis Grove, Nyarugenge, Rwanda",-1.30238,29.488846,74
Schultz - Kshlerin Hospital,"649 Jerrell Well, Gasabo, Rwanda",-1.824364,30.622679,66
"Dickinson, Conroy and Hayes Hospital","84848 Greta Crossroad, Nyagatare, Rwanda",-2.31677,28.907439,64
Parker Group Hospital,"34686 Collier Via, Huye, Rwanda",-2.017129,28.899946,6
"Lehner, Labadie and Maggio Hospital","9226 Beryl Manors, Musanze, Rwanda",-1.898264,29.620586,83
Johns - Willms Hospital,"6852 Beech Road, Karongi, Rwanda",-1.64052,29.026524,89
"Ratke, Mante and Huels Hospital","351 Balistreri Mill, Ngoma, Rwanda",-2.495676,29.367564,15
Stark - Schoen Hospital,"8800 Streich Greens, Rusizi, Rwanda",-1.282989,29.693899,54
"Oberbrunner, Graham and Becker Hospital","65723 Clement Junctions, Nyagatare, Rwanda",-1.530128,29.540622,10
"Jones, Goodwin and Cummerata Hospital","6863 Beech Drive, Kibuye, Rwanda",-2.362761,30.369925,31
"Weber, Torp and Labadie Hospital","408 Kuhlman Freeway, Burera, Rwanda",-1.776652,29.580212,26
"Armstrong, Wunsch and Strosin Hospital","352 N Union Street, Gasabo, Rwanda",-1.869657,29.256383,52
"Kuhn, Ankunding and Kilback Hospital","5554 Wilkinson Place, Rusizi, Rwanda",-1.811027,29.006196,97
"Becker, Russel and Koss Hospital","66834 Wehner Glen, Musanze, Rwanda",-1.759643,29.804559,56
Blanda Inc Hospital,"46218 Dillon Loop, Rubavu, Rwanda",-2.74662,29.371268,70
Ondricka - Mayer Hospital,"638 Kathryn Keys, Bugesera, Rwanda",-2.310503,30.320567,73
"Welch, Paucek and Wolff Hospital","227 W 11th Street, Kibungo, Rwanda",-1.907874,30.388017,69
Morar - Shields Hospital,"842 Mack Fords, Kicukiro, Rwanda",-2.734021,29.360735,99
Dickens and Sons Hospital,"1809 Deanna Tunnel, Ruhango, Rwanda",-2.272863,29.713999,84
Dietrich Inc Hospital,"13945 Reynolds Lock, Nyamagabe, Rwanda",-1.537244,29.953677,59
Grimes and Sons Hospital,"10056 Erik Locks, Rulindo, Rwanda",-1.396046,29.09998,13
"Rath, Grady and Schamberger Hospital","473 Lavinia Via, Rubavu, Rwanda",-1.702101,29.037785,5
"Nikolaus, Kuphal and Gutmann Hospital","36809 Rippin Neck, Kigali, Rwanda",-1.879064,29.122885,1
Douglas Inc Hospital,"85629 Stevie Green, Muhanga, Rwanda",-1.903413,30.757309,93
Jerde LLC Hospital,"51756 Lelah Estates, Rwamagana, Rwanda",-1.590117,30.164427,31
"Jakubowski, Cronin and Boehm Hospital","50249 Tatyana Flat, Gisenyi, Rwanda",-2.383383,29.552491,63
Weber - Purdy Hospital,"52134 First Street, Musanze, Rwanda",-2.665408,30.775124,81
"Conroy, Olson and Kunze Hospital","1527 Zieme Wall, Muhanga, Rwanda",-2.415036,30.850081,65
Friesen - Mayert Hospital,"9449 Bryce Motorway, Kicukiro, Rwanda",-2.150548,30.736291,59
Carroll - MacGyver Hospital,"57570 E 11th Street, Butare, Rwanda",-2.195608,30.477249,22
White Inc Hospital,"909 Lesch Keys, Butare, Rwanda",-2.059391,29.470344,58
"Homenick, Cummings and Altenwerth Hospital","13392 E 12th Street, Gatsibo, Rwanda",-2.150725,29.336717,73
Daugherty - Schroeder Hospital,"3654 Kellen Coves, Rubavu, Rwanda",-2.118325,29.003185,5
Kautzer Inc Hospital,"9505 Harvey Glens, Kicukiro, Rwanda",-2.638175,30.459344,76
Schimmel - Keebler Hospital,"831 Kuphal Knolls, Nyamasheke, Rwanda",-2.449493,29.55308,63
Wisoky - Hills Hospital,"596 S Central Avenue, Gicumbi, Rwanda",-1.556324,29.629569,68
"Beier, DuBuque and Quigley Hospital","46515 Kirsten Camp, Byumba, Rwanda",-2.800514,29.605452,59
Bashirian LLC Hospital,"1877 Addison Roads, Kicukiro, Rwanda",-2.053231,30.240242,40
Konopelski Inc Hospital,"5286 Willa Forks, Rutsiro, Rwanda",-1.463409,30.003473,61
Dach - Hammes Hospital,"2226 Francesca Run, Nyagatare, Rwanda",-1.413364,29.854255,53
Dickinson - Nikolaus Hospital,"5230 Marian Underpass, Rwamagana, Rwanda",-2.76757,29.857099,49
Franey Group Hospital,"93321 Ashley Dam, Nyanza, Rwanda",-1.552689,29.756785,48
Donnelly and Sons Hospital,"761 Doyle Mount, Kigali, Rwanda",-2.627947,29.977723,3
"Terry, Waelchi and Moen Hospital","818 The Lane, Rutsiro, Rwanda",-1.471222,30.450525,17
Tremblay LLC Hospital,"507 Mayert Trail, Ruhengeri, Rwanda",-1.357776,29.108448,61
"Beier, Bernier and Considine Hospital","2566 Maple Street, Gisenyi, Rwanda",-1.605686,29.059101,77
Gutkowski - Bednar Hospital,"449 Murphy Creek, Rubavu, Rwanda",-1.57429,29.99285,61
Hodkiewicz - Harris Hospital,"76105 Roob Knoll, Gitarama, Rwanda",-2.649994,30.845371,76
Wuckert Inc Hospital,"565 Bay Street, Kigali, Rwanda",-2.22395,30.673369,40
McLaughlin Group Hospital,"1095 S Elm Street, Ngoma, Rwanda",-2.125998,29.188714,18
"McClure, Schmidt and Dare Hospital","1165 Buckridge Valleys, Kibuye, Rwanda",-2.432598,30.022795,28
Weimann - Blick Hospital,"66441 W 10th Street, Gitarama, Rwanda",-1.944471,30.182798,48
"Rippin, Thompson and Borer Hospital","14317 Austin Corners, Muhanga, Rwanda",-1.525986,29.692259,76
Schneider LLC Hospital,"545 Edwin Ridges, Kigali, Rwanda",-2.346115,30.063449,92
"Little, Dooley and McLaughlin Hospital","305 Kingfisher Close, Rusizi, Rwanda",-2.834995,29.292119,2
Raynor - Funk Hospital,"13712 Yolanda Brook, Bugesera, Rwanda",-1.566806,29.765192,45
"Breitenberg, Waters and Renner Hospital","1067 State Road, Ruhango, Rwanda",-1.398976,29.026958,41
"Ernser, McGlynn and Farrell Hospital","883 Hosea Ranch, Gasabo, Rwanda",-2.375714,29.125005,78
Johnston Inc Hospital,"882 Waelchi Viaduct, Gatsibo, Rwanda",-2.444519,30.376272,35
"McKenzie, Runolfsdottir and Jacobi Hospital","3553 Hansen Springs, Butare, Rwanda",-1.772075,30.84462,52
Nader - Predovic Hospital,"4768 Bramble Close, Gisenyi, Rwanda",-2.378205,29.50557,10
Thompson LLC Hospital,"334 Deron Lane, Burera, Rwanda",-1.531677,30.245666,83
"Buckridge, Lemke and Muller Hospital","276 New Street, Kigali, Rwanda",-1.268485,30.689264,21
Schaden - Cruickshank Hospital,"926 W 7th Street, Nyagatare, Rwanda",-1.732333,29.621807,26
McCullough Inc Hospital,"27851 Koss Village, Bugesera, Rwanda",-1.274546,29.139851,24
"Adams, Kuvalis and Gutmann Hospital","4503 3rd Street, Butare, Rwanda",-1.211647,29.394617,84
Lind LLC Hospital,"979 Erin Estate, Rulindo, Rwanda",-2.439596,29.307933,62
Strosin - Okuneva Hospital,"3178 Schneider Pass, Kigali, Rwanda",-2.511335,29.478891,57
"Jacobson, Nolan and Harvey Hospital","782 Gulgowski Ramp, Kigali, Rwanda",-2.23766,29.347774,48
"Cole, Walsh and Pfannerstill Hospital","522 Cliff Road, Nyabihu, Rwanda",-2.732208,29.187915,85
"Hahn, Adams and Howe Hospital","711 Chaya Causeway, Ngoma, Rwanda",-1.631802,30.50684,17
Franey Inc Hospital,"199 Boyle Neck, Nyamasheke, Rwanda",-1.649154,30.473,86
Cummerata - McGlynn Hospital,"6831 Cremin Fort, Rubavu, Rwanda",-1.636338,29.212831,34
Luettgen Group Hospital,"67534 Bruen Passage, Kamonyi, Rwanda",-2.692089,30.66483,54
Beer - Hudson Hospital,"725 Beer Keys, Bugesera, Rwanda",-1.129942,29.615531,86
Hauck - Erdman Hospital,"1081 Jerde Pass, Nyamasheke, Rwanda",-1.130146,30.569965,61
Abernathy - Feeney Hospital,"873 Jacobi Cliff, Karongi, Rwanda",-2.60265,29.229953,90
"Marks, Glover and Kihn Hospital","595 West View, Burera, Rwanda",-2.494372,30.388691,3
Russel - Hessel Hospital,"217 W 3rd Street, Gicumbi, Rwanda",-2.173404,30.000899,84
"Lakin, Stiedemann and Grady Hospital","5371 West Roads, Rubavu, Rwanda",-1.732495,29.073341,74
Sipes - Pfeffer Hospital,"15037 Ethelyn Course, Burera, Rwanda",-2.733484,29.408281,15
Witting - Monahan Hospital,"9199 Klocko Islands, Musanze, Rwanda",-1.138813,30.000474,54
"Farrell, Predovic and Kub Hospital","7987 Leannon Green, Kicukiro, Rwanda",-1.127079,30.821326,0
Dooley - Kiehn Hospital,"2830 Jena Curve, Kibuye, Rwanda",-1.982942,29.421038,95
Larson Inc Hospital,"54497 Alanna View, Bugesera, Rwanda",-2.658451,30.087507,57
Mosciski - Watsica Hospital,"362 Woodlands Close, Kicukiro, Rwanda",-1.816876,30.178528,28
Schinner Inc Hospital,"14676 N Chestnut Street, Gicumbi, Rwanda",-2.244172,30.545108,47
Wolff Group Hospital,"65039 Hill Street, Muhanga, Rwanda",-1.697679,29.79514,34
"Borer, Hessel and Bins Hospital","250 Commerce Street, Nyarugenge, Rwanda",-2.805615,29.457829,31
Hahn Group Hospital,"77926 Albert Road, Kibuye, Rwanda",-1.235001,29.541487,11
Hoppe - Armstrong Hospital,"2672 Huels Well, Ruhango, Rwanda",-2.350126,30.050207,68
"Daugherty, Schmidt and Roob Hospital","5890 Rutherford Tunnel, Ngororero, Rwanda",-2.645309,29.074768,8
"Fadel, Braun and Walsh Hospital","56063 Kuhic Fall, Rulindo, Rwanda",-1.070731,30.222215,86
Funk and Sons Hospital,"779 Barton Village, Nyamagabe, Rwanda",-2.340767,30.164069,95
Adams - Torphy Hospital,"886 Giles Passage, Kibungo, Rwanda",-2.554485,29.580872,86
"Hermiston, Kilback and Pacocha Hospital","4148 E 6th Avenue, Ruhengeri, Rwanda",-1.497681,29.138319,98
Mertz - Lang Hospital,"627 Legros Crossing, Muhanga, Rwanda",-2.237598,29.482662,45
Ruecker and Sons Hospital,"906 Hackett Centers, Cyangugu, Rwanda",-1.636156,29.418056,56
Turcotte and Sons Hospital,"5209 Woodlands Road, Ngoma, Rwanda",-2.661924,29.600383,10
Mayer Group Hospital,"818 Ratke Fork, Kibungo, Rwanda",-2.267013,29.139521,89
"Bailey, Schroeder and Steuber Hospital","4994 Webster Flats, Cyangugu, Rwanda",-1.800907,29.065083,67
"Hermiston, Goyette and Hand Hospital","9260 W Oak Street, Butare, Rwanda",-1.458365,29.321117,50
"Pfeffer, Kunde and Kulas Hospital","2903 N Locust Street, Nyamagabe, Rwanda",-2.678543,29.788697,49
Corwin Inc Hospital,"374 Jast Mountain, Gasabo, Rwanda",-2.138309,29.8419,12
"Becker, Moore and Huel Hospital","348 Brook Road, Gisenyi, Rwanda",-1.513975,28.882222,62
"Kilback, Rippin and Homenick Hospital","788 Main Road, Rutsiro, Rwanda",-1.776526,29.649299,53
"Roob, Purdy and Sipes Hospital","85465 N 9th Street, Huye, Rwanda",-1.799069,30.475109,70
"Kessler, Walker and Nitzsche Hospital","1644 Forest Avenue, Kicukiro, Rwanda",-1.120523,30.130344,19
"Tromp, Kemmer and Little Hospital","683 Lime Grove, Ruhengeri, Rwanda",-1.278259,30.796421,86
"Mertz, Shields and Gottlieb Hospital","79553 Willms Fork, Muhanga, Rwanda",-1.449039,28.95003,26
"Wilkinson, Mayer and Kub Hospital","41200 Macejkovic Heights, Nyagatare, Rwanda",-2.457887,29.371732,51
Grant Group Hospital,"515 Main Street N, Ruhango, Rwanda",-1.963909,30.094255,74
"Hegmann, Collier and Frami Hospital","24381 Clarence Street, Kigali, Rwanda",-1.402463,28.900716,42
Reilly - Flatley Hospital,"98839 Mante Stream, Ngororero, Rwanda",-1.758846,28.948478,43
Veum and Sons Hospital,"838 Woodlands Avenue, Butare, Rwanda",-2.189343,30.025747,23
"Hartmann, Pollich and O'Connell Hospital","250 Doyle Expressway, Ruhango, Rwanda",-1.732868,29.013388,61
"Sanford, Hand and Bergnaum Hospital","16659 Ruben Ridges, Ruhengeri, Rwanda",-2.462576,30.833571,90
Kozey Inc Hospital,"81887 Bogisich Stravenue, Ruhango, Rwanda",-1.418939,29.041042,93
Ritchie - Lebsack Hospital,"4805 Litzy Squares, Nyabihu, Rwanda",-1.494183,30.802563,45
Smith and Sons Hospital,"161 St George's Road, Rutsiro, Rwanda",-1.083238,30.71483,3
Oberbrunner - Conn Hospital,"427 Erik Ways, Musanze, Rwanda",-2.105531,30.74434,46
Schinner Group Hospital,"1018 Kendall Highway, Rwamagana, Rwanda",-2.478946,29.488318,48
"Turcotte, Fay and Windler Hospital","890 McLaughlin Cove, Kicukiro, Rwanda",-2.536557,30.405205,47
Beatty - Sipes Hospital,"378 Schuppe Expressway, Kigali, Rwanda",-1.823421,30.287881,13
Pagac - Koelpin Hospital,"880 Lindgren Cape, Ngororero, Rwanda",-1.56511,30.86344,68
"Denesik, Mohr and Doyle Hospital","9051 Hauck Locks, Karongi, Rwanda",-1.077551,30.692065,29
Cormier - Mann Hospital,"673 E Jackson Street, Rubavu, Rwanda",-1.937972,29.028309,99
Labadie LLC Hospital,"30941 Swift Pine, Nyarugenge, Rwanda",-2.527788,29.172913,87
Roob and Sons Hospital,"719 Grover Junctions, Kibungo, Rwanda",-1.067485,30.112934,33
"Rohan, Hamill and Larson Hospital","5092 Hall Lane, Kamonyi, Rwanda",-1.278999,29.490486,34
Gislason LLC Hospital,"191 Gianni Fall, Ngororero, Rwanda",-1.692051,29.305544,71
Ledner Inc Hospital,"7202 Elfrieda Neck, Kibungo, Rwanda",-2.32758,30.160805,8
Kertzmann Group Hospital,"1901 Seamus Plains, Kigali, Rwanda",-1.491915,30.771691,99
"Jacobson, Stiedemann and Fritsch Hospital","977 Boehm Grove, Bugesera, Rwanda",-2.368365,28.927955,1
"Schmidt, Kuhic and Littel Hospital","918 Depot Street, Nyagatare, Rwanda",-1.215381,29.896322,48
Sipes - Jast Hospital,"9565 Zemlak Grove, Kibuye, Rwanda",-1.370077,28.888469,73
Beier and Sons Hospital,"5220 Grimes Points, Kicukiro, Rwanda",-1.099358,29.391244,12
Lowe LLC Hospital,"5217 E 6th Street, Gisenyi, Rwanda",-1.922753,30.790198,40
Grady - Kunze Hospital,"39454 Richard Club, Musanze, Rwanda",-1.568305,30.422927,51
McKenzie - Gutkowski Hospital,"470 Third Street, Gasabo, Rwanda",-2.313646,29.251,13
"Jast, Rau and Gerhold Hospital","9362 Alyson Fields, Nyamasheke, Rwanda",-2.58815,29.366988,37
Jacobson - Rolfson Hospital,"97577 South Road, Cyangugu, Rwanda",-1.555142,29.993244,80
Nitzsche - McKenzie Hospital,"26699 McClure Extension, Kayonza, Rwanda",-2.757522,28.957871,68
Spinka - Corkery Hospital,"544 Valley Road, Kibuye, Rwanda",-2.064722,29.373831,67
Fritsch Inc Hospital,"409 Clinton Street, Ruhango, Rwanda",-1.291286,28.988809,27
Kulas - Cassin Hospital,"89348 Emmet Ranch, Butare, Rwanda",-2.168821,30.472046,31
Wilkinson - Veum Hospital,"1442 Zieme Pines, Bugesera, Rwanda",-1.474179,29.61678,94
Ankunding - Zieme Hospital,"64006 Ryan River, Ngoma, Rwanda",-1.610174,30.887758,93
Paucek - Bins Hospital,"527 E Washington Street, Gisenyi, Rwanda",-1.632112,29.639294,17
Conn Group Hospital,"199 Cydney Brooks, Kicukiro, Rwanda",-1.269742,29.259347,60
Ritchie LLC Hospital,"908 Chase Forks, Burera, Rwanda",-1.939149,30.546071,72
"Kulas, Stroman and Brakus Hospital","79176 The Oval, Ngororero, Rwanda",-1.322729,29.412471,13
"Reynolds, Bayer and Haag Hospital","1836 Prosacco Hill, Rusizi, Rwanda",-1.494964,29.314794,62
Legros Inc Hospital,"7994 Springfield Close, Kibungo, Rwanda",-2.577118,29.102099,27
Altenwerth - Nader Hospital,"6206 Pouros Fords, Huye, Rwanda",-2.5817,29.246724,93
Stehr - Johns Hospital,"91612 Wolf Mill, Nyarugenge, Rwanda",-1.059954,29.719156,32
"Heaney, Larson and Cole Hospital","989 Mitchell Center, Nyagatare, Rwanda",-2.35108,29.688111,29
"Rodriguez, Tillman and Romaguera Hospital","417 Bernhard Knoll, Musanze, Rwanda",-2.783085,30.812601,22
Kshlerin LLC Hospital,"38722 Emilie Oval, Burera, Rwanda",-2.114901,30.797998,2
Vandervort Inc Hospital,"391 Elza Gateway, Musanze, Rwanda",-1.303107,29.643863,85
Krajcik Group Hospital,"778 Bernier Views, Kibuye, Rwanda",-2.787933,29.175059,51
Moen - Franecki Hospital,"8164 Stephen Crossing, Musanze, Rwanda",-2.000971,29.495143,53
"Schiller, Auer and D'Amore Hospital","48274 Stella Crossing, Nyagatare, Rwanda",-1.718228,29.109373,69
Jacobi - Schuster Hospital,"35578 Shaina Stravenue, Kibungo, Rwanda",-2.825406,30.414469,43
Ullrich Inc Hospital,"20088 Ward Gardens, Karongi, Rwanda",-1.297044,29.284988,0
Kling - Donnelly Hospital,"9976 Armand Ferry, Bugesera, Rwanda",-2.677097,29.980411,96
"Beier, Nader and Barrows Hospital","15211 S 8th Street, Kayonza, Rwanda",-1.286204,30.227765,8
Schoen - Wilkinson Hospital,"422 Wiegand Knoll, Nyamagabe, Rwanda",-1.501771,30.596405,48
"Feest, Bashirian and Marvin Hospital","67403 Franklin Road, Gasabo, Rwanda",-1.316032,28.873054,18
Balistreri Inc Hospital,"13270 Russel Neck, Nyamasheke, Rwanda",-1.450634,29.909154,41
Cormier Group Hospital,"6846 Goyette Landing, Rubavu, Rwanda",-2.641738,29.721044,66
Dickens Inc Hospital,"847 Cross Lane, Kibuye, Rwanda",-2.686018,30.882469,78
"Ullrich, Brekke and Dicki Hospital","3907 Treutel Trace, Ngororero, Rwanda",-2.458226,29.530261,79
Zemlak Inc Hospital,"140 Laury Fort, Gicumbi, Rwanda",-1.265487,29.637021,64
"Greenholt, Zieme and Schimmel Hospital","66242 Schroeder Spur, Gitarama, Rwanda",-2.052899,29.842966,68
Wiegand - Erdman Hospital,"5157 Leuschke Roads, Kibungo, Rwanda",-1.645596,30.112276,73
Spencer and Sons Hospital,"3311 Kling Glen, Kayonza, Rwanda",-2.628205,29.99687,13
Brakus Group Hospital,"5369 McDermott Circle, Nyagatare, Rwanda",-1.6481,29.834384,25
"Lowe, Bernhard and Towne Hospital","97872 E Cedar Street, Kamonyi, Rwanda",-2.782254,29.894039,58
"Bradtke, Bayer and Johnston Hospital","920 Wilkinson Route, Rwamagana, Rwanda",-1.455139,29.929465,24
Lueilwitz Inc Hospital,"494 Pouros Estate, Cyangugu, Rwanda",-1.340754,29.498627,34
Murphy LLC Hospital,"42956 Church Avenue, Rwamagana, Rwanda",-1.516432,30.381737,58
Pollich Group Hospital,"404 Hilll Manor, Kicukiro, Rwanda",-2.574941,28.975702,98
Zieme - Pfannerstill Hospital,"9660 Boyd Club, Rwamagana, Rwanda",-2.060742,30.180027,79
Hermiston LLC Hospital,"945 Valentine Grove, Gitarama, Rwanda",-1.972141,30.515808,30
Wyman - Hagenes Hospital,"8012 Gerald Court, Kamonyi, Rwanda",-2.100973,29.976003,32
"Grady, Schultz and Zulauf Hospital","903 Mary Estate, Nyamasheke, Rwanda",-2.645661,29.968227,7
Ankunding - Ward Hospital,"47660 Lizzie Union, Kibuye, Rwanda",-1.200755,29.330964,84
Breitenberg - Oberbrunner Hospital,"5625 Schneider Via, Rwamagana, Rwanda",-2.599919,30.231941,99
Schamberger - Toy Hospital,"62281 E Broad Street, Muhanga, Rwanda",-1.438593,29.175022,88
Gottlieb - Streich Hospital,"24792 Beer Drives, Ruhengeri, Rwanda",-1.978442,29.347618,95
"Stanton, Nicolas and Tillman Hospital","452 Grange Close, Muhanga, Rwanda",-1.704888,28.915437,99
Langworth - Parisian Hospital,"32433 Beech Drive, Gatsibo, Rwanda",-2.146207,29.339838,71
Douglas - Kohler Hospital,"947 Alexander Flats, Nyarugenge, Rwanda",-2.349424,29.596663,53
Abshire Inc Hospital,"748 Earnest Branch, Butare, Rwanda",-1.455815,30.457075,72
Prosacco - Okuneva Hospital,"8696 Grant Street, Nyamagabe, Rwanda",-1.982484,30.134935,91
"Friesen, Bartell and Robel Hospital","215 Gordon Road, Gitarama, Rwanda",-1.671508,29.103308,43
"Leffler, Larkin and Abbott Hospital","90125 Murray Hill, Kibungo, Rwanda",-2.02841,28.960188,87
Ferry and Sons Hospital,"428 Fahey Overpass, Karongi, Rwanda",-1.747556,30.301114,28
Bogan and Sons Hospital,"6933 Price Wells, Ruhango, Rwanda",-1.136019,30.543845,14
Gerlach - Cole Hospital,"4852 W 1st Street, Rubavu, Rwanda",-1.865208,30.880711,33
VonRueden and Sons Hospital,"2828 Abigale Union, Kigali, Rwanda",-2.041774,29.121988,49
"Jacobi, Greenholt and Abbott Hospital","457 Clifton Road, Byumba, Rwanda",-1.364974,29.366948,6
Leffler - Gulgowski Hospital,"3515 W 6th Avenue, Kibuye, Rwanda",-1.743461,30.63296,39
Nicolas - Rippin Hospital,"386 Lilla Center, Ruhengeri, Rwanda",-1.757118,29.466119,38
"Rutherford, Cartwright and Weissnat Hospital","655 Konopelski Forest, Muhanga, Rwanda",-1.259049,30.569243,39
Kautzer Inc Hospital,"74132 Rice Crossroad, Kibuye, Rwanda",-2.45728,30.246855,91
Windler Inc Hospital,"919 Valentina Court, Huye, Rwanda",-2.499711,29.84238,61
"Bosco, Raynor and Ullrich Hospital","9004 Icie Manors, Nyamasheke, Rwanda",-1.136261,29.126584,85
Huels Group Hospital,"73043 W 12th Street, Gatsibo, Rwanda",-1.90868,29.685889,72
Mraz - Cummings Hospital,"74326 Barton Mission, Kamonyi, Rwanda",-2.058037,29.647392,41
Fahey - Cassin Hospital,"71371 N Broadway Street, Ruhango, Rwanda",-2.62403,30.343051,65
O'Keefe and Sons Hospital,"36963 E Water Street, Kibuye, Rwanda",-1.166392,29.036604,53
"Stamm, Streich and Schinner Hospital","1695 Bode Underpass, Cyangugu, Rwanda",-2.483944,29.869203,56
Balistreri - Bashirian Hospital,"77914 Corkery Trace, Ruhengeri, Rwanda",-1.297179,30.75265,31
"Bauch, Gerlach and Corwin Hospital","367 Daugherty Isle, Gisenyi, Rwanda",-1.129778,30.139243,25
Mann Inc Hospital,"958 Ledner Glen, Huye, Rwanda",-1.18584,29.061662,83
Koelpin Inc Hospital,"4403 Adrain Oval, Bugesera, Rwanda",-2.834784,30.193514,22
"Robel, Tillman and Stokes Hospital","970 Ledner Ramp, Gatsibo, Rwanda",-1.576474,30.427038,86
"Luettgen, Stark and Marquardt Hospital","87453 The Oaks, Nyarugenge, Rwanda",-1.466739,29.785181,61
Marvin LLC Hospital,"9570 Sebastian Avenue, Gasabo, Rwanda",-1.554019,30.750887,38
"Bernhard, Sanford and Strosin Hospital","7624 E Jackson Street, Kicukiro, Rwanda",-2.38806,29.884016,4
Windler - Runolfsson Hospital,"8194 Washington Street, Butare, Rwanda",-2.677888,30.063494,9
Cremin Inc Hospital,"5440 Cartwright Village, Musanze, Rwanda",-2.706146,30.330857,85
"Greenfelder, Braun and Runolfsson Hospital","5052 Ena Course, Kibungo, Rwanda",-2.354034,30.729977,31
"Zieme, Franecki and O'Kon Hospital","2802 Carter Course, Byumba, Rwanda",-2.022527,29.719704,80
Gutkowski - Moore Hospital,"7737 Braden Forge, Kigali, Rwanda",-2.440175,30.405138,73
"Bogan, MacGyver and Mohr Hospital","69154 Heidenreich Parks, Byumba, Rwanda",-2.092541,30.518335,66
Raynor Group Hospital,"21817 Corine Forge, Ruhango, Rwanda",-2.396717,29.572539,57
Schimmel Group Hospital,"8868 Abigale Estate, Byumba, Rwanda",-1.830223,30.70909,29
"Purdy, Gibson and Walsh Hospital","4325 Hill Street, Rwamagana, Rwanda",-1.270863,28.878902,71
Kuhn and Sons Hospital,"1247 Greenville Road, Gatsibo, Rwanda",-2.278623,30.601894,27
Considine - Klein Hospital,"2280 South Street, Butare, Rwanda",-1.239178,30.653116,70
Bosco - Schamberger Hospital,"6113 Wilkinson Streets, Musanze, Rwanda",-1.969841,30.723982,65
McCullough - Reichert Hospital,"742 Huel Islands, Huye, Rwanda",-1.856246,30.451463,90
"Altenwerth, Schneider and Senger Hospital","524 Gutkowski Brooks, Ngororero, Rwanda",-1.423746,29.64417,91
"Schimmel, King and Hane Hospital","7349 Ondricka Junctions, Muhanga, Rwanda",-1.819555,30.439636,25
"Rempel, Tremblay and Baumbach Hospital","6423 Frances Cliffs, Kayonza, Rwanda",-2.591084,28.877648,50
"Hahn, Turcotte and Wiza Hospital","82591 Kayli Dale, Ngoma, Rwanda",-2.338833,30.819585,72
Zboncak - Mitchell Hospital,"541 Collier Well, Nyanza, Rwanda",-1.85257,30.602161,81
MacGyver Inc Hospital,"151 Walter Crescent, Rwamagana, Rwanda",-1.612843,30.610103,34
Corkery Group Hospital,"90121 Hillside, Rubavu, Rwanda",-2.110988,29.034289,29
Tillman Group Hospital,"2911 Claudine Estate, Ruhengeri, Rwanda",-1.697699,29.994452,72
Leuschke - Carroll Hospital,"39037 Williamson Ville, Bugesera, Rwanda",-1.781923,29.363878,9
"Bins, Grady and Mraz Hospital","2019 Elta Neck, Rwamagana, Rwanda",-2.291507,29.325818,17
Mosciski and Sons Hospital,"11556 Mayra Squares, Kigali, Rwanda",-1.880231,28.903928,11
"Kulas, Crist and Stiedemann Hospital","14220 3rd Avenue, Kigali, Rwanda",-2.540136,29.066461,60
"Hudson, Nienow and Medhurst Hospital","135 Ellis Orchard, Kamonyi, Rwanda",-2.123621,29.634763,12
"Wuckert, Reinger and Kuphal Hospital","640 Prospect Place, Musanze, Rwanda",-1.901421,28.883586,14
Christiansen and Sons Hospital,"69452 The Willows, Nyamasheke, Rwanda",-2.335089,29.99903,50
Moen - Hermiston Hospital,"118 W Washington Street, Butare, Rwanda",-1.52054,30.664962,68
Larkin - Schaefer Hospital,"19926 Schulist Light, Gitarama, Rwanda",-2.529548,29.258774,90
"Armstrong, Renner and Dooley Hospital","5353 Wiza Land, Kibuye, Rwanda",-1.519412,29.907928,37
"Luettgen, Franey and Reynolds Hospital","69001 Clarence Street, Nyarugenge, Rwanda",-1.579384,30.396515,56
"Hyatt, Hansen and Marquardt Hospital","64322 Jannie Track, Kicukiro, Rwanda",-1.212748,30.733036,38
Schmidt Group Hospital,"3787 Riverside Drive, Rwamagana, Rwanda",-1.372437,29.574058,8
"Hyatt, Yundt and Lind Hospital","456 Ruecker Club, Huye, Rwanda",-1.818782,29.596908,51
"Koepp, Wiegand and Quigley Hospital","539 Buckingham Road, Rubavu, Rwanda",-2.216321,29.848947,3
McLaughlin Inc Hospital,"68689 Kyle Park, Ruhango, Rwanda",-2.836201,29.670953,32
"Harris, Conn and Towne Hospital","1906 Elza Drives, Cyangugu, Rwanda",-2.608037,29.719126,16
Rice - Kirlin Hospital,"6243 Cartwright Fork, Muhanga, Rwanda",-1.107502,29.098288,59
West - Predovic Hospital,"1069 Alison Prairie, Ngororero, Rwanda",-1.915572,29.68254,73
"Hayes, Olson and Jerde Hospital","9884 Grant Place, Nyamasheke, Rwanda",-2.723298,29.624548,16
Balistreri - Johns Hospital,"8714 Art Walk, Kicukiro, Rwanda",-2.399988,30.057214,68
"Weissnat, Bernier and Cartwright Hospital","3965 Rectory Lane, Ruhango, Rwanda",-1.579054,30.784744,30
"DuBuque, Schamberger and Vandervort Hospital","230 Railroad Street, Kibuye, Rwanda",-1.537779,30.659114,69
Price - Rippin Hospital,"140 Bernier Canyon, Kibuye, Rwanda",-1.575993,30.731978,19
Johnson LLC Hospital,"6695 Jose Common, Gatsibo, Rwanda",-1.304533,29.73548,4
"Lemke, Schamberger and Littel Hospital","3847 Donavon Parkways, Kibuye, Rwanda",-1.835195,29.624049,44
Gibson Inc Hospital,"331 Bridie Estates, Musanze, Rwanda",-2.497337,30.243805,42
"Schulist, Crona and Turner Hospital","34490 S West Street, Kayonza, Rwanda",-1.774898,29.500954,87
Pacocha Group Hospital,"3946 Lueilwitz Dam, Gitarama, Rwanda",-2.818304,28.982003,74
"Skiles, Runolfsdottir and Barrows Hospital","76757 Daniel Neck, Rwamagana, Rwanda",-2.449196,29.553111,64
Hayes - Herzog Hospital,"84143 Gerson Walks, Burera, Rwanda",-1.881742,29.163189,67
Windler - Feil Hospital,"46561 Mackenzie Orchard, Huye, Rwanda",-2.806444,30.570633,20
Kling - Watsica Hospital,"2754 Elm Street, Nyarugenge, Rwanda",-1.107426,30.571023,13
Murazik Inc Hospital,"5529 Wisozk Forges, Musanze, Rwanda",-1.832539,29.587464,79
Hermann - Swift Hospital,"9804 Dillon Harbor, Nyamagabe, Rwanda",-2.21388,29.647798,4
"Wiza, Sanford and Shields Hospital","20424 Eli Pass, Nyarugenge, Rwanda",-1.445125,29.084522,71
Fisher Inc Hospital,"698 Koch Radial, Gisenyi, Rwanda",-1.526715,29.827844,29
Torphy - McClure Hospital,"2533 Pete Hill, Byumba, Rwanda",-1.523365,30.461407,28
Shields Inc Hospital,"2747 Jerde Dam, Kibuye, Rwanda",-2.445686,29.115163,85
Runolfsson Inc Hospital,"51992 Maximo Inlet, Ruhengeri, Rwanda",-1.921849,30.363133,50
Reichert and Sons Hospital,"13435 Rubie Streets, Burera, Rwanda",-2.328003,29.661868,95
O'Connell and Sons Hospital,"366 Madelyn Flat, Huye, Rwanda",-2.605871,30.823673,29
Schamberger - Berge Hospital,"1949 Sandringham Road, Rulindo, Rwanda",-1.880969,30.816189,35
Durgan Inc Hospital,"37872 Oak Road, Ruhengeri, Rwanda",-2.690506,29.867849,12
Johnston - Halvorson Hospital,"62973 Savanna Ridge, Muhanga, Rwanda",-1.572049,29.092519,9
Powlowski - Kilback Hospital,"94899 Fiona Expressway, Nyarugenge, Rwanda",-2.077313,29.367525,44
"Lindgren, Durgan and Nolan Hospital","734 The Oval, Nyamasheke, Rwanda",-2.38975,28.873872,47
Weimann - Prohaska Hospital,"267 Railway Street, Gisenyi, Rwanda",-2.489881,30.245131,57
"Skiles, Goyette and Wyman Hospital","6838 Woodlands Road, Ngoma, Rwanda",-1.258872,30.356219,84
Mante - Donnelly Hospital,"441 Bergnaum Estates, Kigali, Rwanda",-1.559951,29.904593,59
Rohan - Blanda Hospital,"664 Stefan Groves, Muhanga, Rwanda",-1.416378,30.057917,74
Stracke Inc Hospital,"6564 Maddison Square, Nyagatare, Rwanda",-2.126358,29.90524,59
Schinner - Smith Hospital,"61343 East Street, Nyanza, Rwanda",-1.884818,29.633454,20
"O'Conner, Beatty and Pfeffer Hospital","21968 W Division Street, Kibungo, Rwanda",-1.278424,30.356237,19
"Willms, Tremblay and Goodwin Hospital","43581 Mills Pines, Musanze, Rwanda",-1.893777,30.1946,23
Schoen - Bayer Hospital,"62937 Station Road, Kicukiro, Rwanda",-1.654717,30.248715,48
VonRueden - Hettinger Hospital,"99505 Michael Fork, Nyagatare, Rwanda",-2.282744,28.966729,99
"Beahan, Hodkiewicz and Lockman Hospital","36795 E Franklin Street, Ngoma, Rwanda",-1.391441,30.573619,56
Bailey LLC Hospital,"50572 Mayer Center, Kayonza, Rwanda",-2.386372,29.513174,27
Dare - Ullrich Hospital,"442 Bailey Park, Nyamasheke, Rwanda",-1.057404,29.173445,66
Klocko - Bernhard Hospital,"27476 Freeman Common, Nyabihu, Rwanda",-1.250387,30.414589,47
Leffler Inc Hospital,"9341 N Poplar Street, Karongi, Rwanda",-1.465651,28.957606,54
Bode - Brown Hospital,"90178 West Avenue, Ruhengeri, Rwanda",-2.784483,30.034976,99
"Reynolds, Lynch and Dickens Hospital","84870 Jarred Park, Gatsibo, Rwanda",-2.007672,29.660991,17
Kemmer - Jacobs Hospital,"43972 Hilma Mountain, Kibungo, Rwanda",-2.747992,30.194164,17
Borer - Bernier Hospital,"3270 Welch Tunnel, Gitarama, Rwanda",-2.496758,29.895542,8
Bergstrom - Rath Hospital,"5156 Zetta Pass, Ngororero, Rwanda",-2.260597,29.844754,16
Durgan Group Hospital,"8323 Franey Divide, Nyabihu, Rwanda",-2.074496,30.652163,32
"Dietrich, Smitham and Anderson Hospital","10336 S Central Avenue, Ngororero, Rwanda",-2.60902,29.97592,8
"Conroy, Bernhard and Nolan Hospital","14680 Aida Cape, Kamonyi, Rwanda",-1.833927,28.874645,82
Bode - Rodriguez Hospital,"9306 Jennyfer Mills, Nyabihu, Rwanda",-1.887578,29.284638,39
"Emard, Marquardt and Wiegand Hospital","7930 Rodrigo Knolls, Gitarama, Rwanda",-1.863676,30.521904,72
Barrows LLC Hospital,"72365 Ocie Run, Gatsibo, Rwanda",-1.648694,29.61812,22
"Ziemann, Graham and Lynch Hospital","760 Kris Ways, Nyagatare, Rwanda",-1.530166,29.379035,67
Bode - Armstrong Hospital,"8568 Becker Burgs, Gasabo, Rwanda",-2.740389,29.726805,56
Hagenes Group Hospital,"1621 Conn Forest, Rulindo, Rwanda",-2.272635,29.750623,90
Kohler - Macejkovic Hospital,"68026 Mount Street, Muhanga, Rwanda",-1.829843,29.730307,59
"Bartoletti, Grant and Jones Hospital","53473 Lebsack Crossing, Ngororero, Rwanda",-2.545281,29.706774,98
Satterfield - Romaguera Hospital,"39273 Schamberger Lake, Karongi, Rwanda",-2.113358,30.401422,28
Wintheiser - Wisozk Hospital,"738 Justine Route, Kigali, Rwanda",-2.181058,30.181867,13
"VonRueden, Brown and Schinner Hospital","40288 Astrid Crossroad, Nyagatare, Rwanda",-2.388419,29.305293,40
Marks and Sons Hospital,"7184 Tillman Bridge, Rusizi, Rwanda",-2.237892,30.063846,28
Simonis Inc Hospital,"8459 Marquardt Flat, Byumba, Rwanda",-1.215477,29.29792,37
"Stiedemann, Kemmer and Fisher Hospital","560 Reilly Burg, Cyangugu, Rwanda",-1.873785,29.067631,19
Runolfsson Group Hospital,"44324 Roob Field, Rusizi, Rwanda",-2.711583,29.987153,6
Schimmel - Breitenberg Hospital,"2966 Alyce Pike, Musanze, Rwanda",-1.675666,29.609381,78
Brown - Gleason Hospital,"117 Manchester Road, Rusizi, Rwanda",-2.804675,29.8771,86
"Bode, Wiegand and Kuphal Hospital","567 Sonya Rapids, Ruhango, Rwanda",-2.668277,30.661536,24
"Mosciski, Jacobs and Howe Hospital","32661 Oaklands, Bugesera, Rwanda",-1.315835,30.554394,75
Dooley Inc Hospital,"942 Mohr Harbor, Gicumbi, Rwanda",-1.917457,30.425223,8
Thompson Inc Hospital,"36675 Yost Keys, Muhanga, Rwanda",-2.800883,30.022928,59
Jerde - Schumm Hospital,"136 Brookside, Kigali, Rwanda",-1.778865,29.842712,97
Feil - Runolfsdottir Hospital,"156 S Walnut Street, Ruhengeri, Rwanda",-2.09122,30.871604,35
"Predovic, O'Reilly and Braun Hospital","65651 Jamarcus Glens, Bugesera, Rwanda",-1.3951,28.898929,86
Kovacek - Reichert Hospital,"72683 D'Amore Crescent, Kibuye, Rwanda",-2.718667,30.231556,17
Dickinson LLC Hospital,"5547 York Road, Rusizi, Rwanda",-2.107138,28.966842,75
Sauer - Graham Hospital,"753 Runolfsdottir Fort, Nyanza, Rwanda",-1.334449,29.927194,25
Waters - Renner Hospital,"1995 Nolan Dale, Nyamasheke, Rwanda",-1.102748,30.531775,49
Schoen - Connelly Hospital,"381 Elvie Gateway, Rutsiro, Rwanda",-1.233795,29.317007,83
"Walsh, Robel and Conroy Hospital","722 Carson Crossing, Gasabo, Rwanda",-1.833846,30.031165,39
Kutch - Murazik Hospital,"3580 Keeling Green, Ruhango, Rwanda",-1.577698,29.895871,11
Graham - Larkin Hospital,"964 Tromp Route, Gitarama, Rwanda",-1.642471,29.478052,9
"Konopelski, Nienow and Gulgowski Hospital","404 Tower Road, Gicumbi, Rwanda",-2.368371,30.449053,84
Carroll - Beier Hospital,"6411 E 14th Street, Rulindo, Rwanda",-1.329519,30.193388,29
Bahringer - Nienow Hospital,"8421 Schamberger Station, Muhanga, Rwanda",-2.278731,30.231872,58
"Bergstrom, Lesch and Schaefer Hospital","75355 Cherry Tree Close, Kigali, Rwanda",-2.34192,29.940387,88
Mraz and Sons Hospital,"810 Pfannerstill Fields, Nyanza, Rwanda",-2.835965,30.891012,17
Franey - Adams Hospital,"78457 Alvina Way, Burera, Rwanda",-2.279828,28.902785,86
"Lockman, Dickinson and Adams Hospital","1382 Walker Spring, Burera, Rwanda",-1.967083,30.29014,78
MacGyver Inc Hospital,"3759 Hailie Field, Rusizi, Rwanda",-1.288212,30.708069,36
Cremin LLC Hospital,"7945 2nd Avenue, Byumba, Rwanda",-1.576007,29.581779,97
"Ankunding, Champlin and Zulauf Hospital","353 Jeremie Junctions, Musanze, Rwanda",-1.387034,30.396057,7
"Turcotte, Hoppe and Predovic Hospital","21346 Ash Grove, Bugesera, Rwanda",-1.602754,30.000796,10
Satterfield and Sons Hospital,"97731 Windsor Close, Nyamasheke, Rwanda",-1.076236,29.629321,82
Rath - Schoen Hospital,"6474 Zemlak Parks, Rwamagana, Rwanda",-2.241312,29.375279,46
Ziemann - Adams Hospital,"280 Pacocha Mall, Ruhengeri, Rwanda",-1.35057,29.850112,36
Haag and Sons Hospital,"596 Hilbert Grove, Rwamagana, Rwanda",-1.06551,28.967647,5
Hirthe - Rempel Hospital,"79993 Jenkins Run, Muhanga, Rwanda",-2.313364,29.313756,98
Rutherford and Sons Hospital,"4814 The Willows, Kayonza, Rwanda",-2.237564,30.338382,54
Graham and Sons Hospital,"130 Streich Prairie, Burera, Rwanda",-2.718875,30.603311,39
"Vandervort, Witting and Dickens Hospital","63268 Kylie Streets, Ngoma, Rwanda",-1.916395,30.046521,31
Lind LLC Hospital,"9310 Beryl Point, Gitarama, Rwanda",-1.553827,29.168551,19
Crooks Inc Hospital,"35592 Cleveland Street, Ruhango, Rwanda",-1.205122,29.52263,93
Kerluke Group Hospital,"71227 Marlon Fall, Cyangugu, Rwanda",-2.162297,29.480482,11
Waters and Sons Hospital,"381 Rachelle Mountains, Rutsiro, Rwanda",-2.747923,29.056991,64
Crona Group Hospital,"7502 Kiehn Fork, Kibuye, Rwanda",-1.817923,29.714969,98
Bednar - Bergstrom Hospital,"47391 Feil Rapid, Gicumbi, Rwanda",-2.670029,30.845727,74
"Cummings, Klocko and Grant Hospital","51389 Toy Trace, Kibungo, Rwanda",-2.507455,29.951702,3
Prohaska Inc Hospital,"12666 MacGyver Court, Kicukiro, Rwanda",-1.100527,29.063417,20
Quitzon Group Hospital,"115 Boyer Parkways, Gisenyi, Rwanda",-1.398927,30.051826,15
Dooley - Bogisich Hospital,"18360 Lafayette Street, Gasabo, Rwanda",-2.565951,29.293641,4
Ritchie LLC Hospital,"7785 N Pearl Street, Nyarugenge, Rwanda",-1.6993,30.069427,16
Cummings - Bradtke Hospital,"50272 Beatty Plains, Nyamasheke, Rwanda",-1.820555,29.054884,45
"Armstrong, Nader and Veum Hospital","881 Roger Hill, Muhanga, Rwanda",-1.976424,29.139376,80
Brown - Nienow Hospital,"718 Oswald Field, Gatsibo, Rwanda",-1.403724,29.272541,10
Volkman and Sons Hospital,"711 S Broadway Street, Rusizi, Rwanda",-2.051441,29.789907,90
Dibbert LLC Hospital,"2300 Martin Mall, Rwamagana, Rwanda",-2.784953,29.807883,11
Lubowitz Inc Hospital,"85447 Freda Orchard, Rwamagana, Rwanda",-2.238221,29.381692,83
Williamson and Sons Hospital,"86553 Keebler Glen, Kibungo, Rwanda",-1.99469,30.501244,64
"Hudson, Lesch and Aufderhar Hospital","62310 W River Road, Gitarama, Rwanda",-1.246165,30.346989,46
"Wunsch, Orn and Friesen Hospital","5235 Murazik Causeway, Butare, Rwanda",-1.319358,29.294339,88
"Hirthe, Lockman and Herzog Hospital","60817 School Lane, Rutsiro, Rwanda",-2.454814,29.886873,16
"Fahey, Watsica and McKenzie Hospital","211 7th Street, Musanze, Rwanda",-2.315597,29.26262,97
Rogahn Inc Hospital,"32346 Lolita Terrace, Kayonza, Rwanda",-1.436451,29.976684,86
Bruen - Willms Hospital,"8791 Cruickshank Ridge, Nyamasheke, Rwanda",-2.250256,30.077428,70
"Gusikowski, Windler and Willms Hospital","686 DuBuque Knoll, Kigali, Rwanda",-2.280318,29.672414,26
Kihn - Gislason Hospital,"129 Nicolette Throughway, Nyamagabe, Rwanda",-1.176035,29.060696,89
Wilderman - Nitzsche Hospital,"118 Adrienne Stravenue, Nyamasheke, Rwanda",-2.580042,30.615676,94
Wisoky - Orn Hospital,"970 Juniper Close, Burera, Rwanda",-2.660947,29.909725,91
"Grimes, Bergstrom and Willms Hospital","3312 Schneider Court, Gasabo, Rwanda",-1.745831,30.043973,34
Keebler - Adams Hospital,"5424 S Main, Gisenyi, Rwanda",-2.39388,29.706629,86
Gutmann - Schimmel Hospital,"87437 Orchard Road, Nyagatare, Rwanda",-2.46379,29.801671,52
Lockman and Sons Hospital,"65543 Abdiel Square, Kayonza, Rwanda",-1.125657,29.762775,77
Gleason - Schultz Hospital,"85976 Cronin Well, Muhanga, Rwanda",-1.692474,29.937608,48
"Douglas, Runolfsson and Mann Hospital","1481 Leda Ranch, Muhanga, Rwanda",-1.44551,30.096235,91
"Steuber, Hamill and Hackett Hospital","447 Leatha Canyon, Byumba, Rwanda",-1.138835,29.207482,17
"Hudson, Swaniawski and Kuhic Hospital","39857 Weissnat Avenue, Gicumbi, Rwanda",-2.50824,30.458626,34
"Wilderman, Harris and Streich Hospital","757 Declan Creek, Gasabo, Rwanda",-1.496921,30.716979,21
Jacobson and Sons Hospital,"811 N 7th Street, Cyangugu, Rwanda",-2.557083,30.303002,68
"Durgan, Wisozk and Howell Hospital","74528 Division Street, Nyanza, Rwanda",-2.827898,30.343128,94
O'Kon Inc Hospital,"8690 Ladarius Pines, Rubavu, Rwanda",-1.267288,30.315847,44
"Kautzer, Gerlach and Shanahan Hospital","287 Lisa Manors, Rulindo, Rwanda",-1.89275,30.198906,71
"Koch, Roob and Harber Hospital","84492 Adams Row, Ngoma, Rwanda",-2.727685,29.265866,12
Wiegand LLC Hospital,"6611 Bruen Summit, Musanze, Rwanda",-2.590543,29.808067,84
Schuster Inc Hospital,"103 Lenny Viaduct, Ngoma, Rwanda",-2.331771,29.417964,35
O'Hara - Haley Hospital,"534 Wallace Neck, Gisenyi, Rwanda",-1.748608,29.929412,91
Waters Group Hospital,"8753 Angel Canyon, Kigali, Rwanda",-2.295889,30.05494,20
Boyer LLC Hospital,"60773 Field Close, Kibungo, Rwanda",-1.623827,29.655907,38
"O'Keefe, Thompson and Heathcote Hospital","644 Greenway, Rusizi, Rwanda",-1.774511,28.901006,19
Renner and Sons Hospital,"9879 Constance Drive, Rubavu, Rwanda",-2.624829,29.758555,53
"Schmitt, Legros and Sporer Hospital","946 Kuhic Views, Gitarama, Rwanda",-1.606291,30.876865,43
"Medhurst, Bashirian and Donnelly Hospital","8295 Bailey Crossing, Ngororero, Rwanda",-1.594086,30.123351,96
Dooley and Sons Hospital,"6421 Zola Garden, Ruhango, Rwanda",-1.574489,29.889563,53
Hermann - Breitenberg Hospital,"3173 Ash Street, Kamonyi, Rwanda",-1.684494,28.948732,94
"Waters, Welch and Luettgen Hospital","33081 Christiansen Port, Rubavu, Rwanda",-1.977221,30.535724,76
"Green, Hermann and Collins Hospital","21763 Gleason Squares, Kibuye, Rwanda",-1.757136,29.440422,57
"Kautzer, Tillman and Jaskolski Hospital","95514 Cemetery Road, Rwamagana, Rwanda",-2.367722,29.008028,29
Bauch and Sons Hospital,"75064 The Willows, Gasabo, Rwanda",-1.835801,29.922176,83
"Lakin, Collins and Trantow Hospital","3853 Ezekiel Common, Karongi, Rwanda",-2.765345,30.222012,60
Friesen LLC Hospital,"74430 W Monroe Street, Nyagatare, Rwanda",-1.67875,30.577314,0
Herzog Inc Hospital,"8216 Simonis Forges, Rwamagana, Rwanda",-2.445957,28.93478,35
Johnston LLC Hospital,"504 Winston Bypass, Nyagatare, Rwanda",-2.676242,30.739301,10
"Okuneva, Beatty and Marvin Hospital","1104 Vergie Cliffs, Gisenyi, Rwanda",-2.303386,28.944156,56
Crist and Sons Hospital,"386 The Maltings, Bugesera, Rwanda",-1.096384,30.725558,82
Bahringer - Wisozk Hospital,"93935 Johns Forge, Ruhango, Rwanda",-1.077166,29.840258,90
Kshlerin Inc Hospital,"15469 Lake Avenue, Gisenyi, Rwanda",-1.821146,30.043972,14
Anderson LLC Hospital,"951 Janice Shoals, Kigali, Rwanda",-1.391952,28.873534,88
Koelpin - Zieme Hospital,"96457 Bednar Creek, Rubavu, Rwanda",-2.406703,30.720401,4
Weissnat - Ratke Hospital,"225 Doyle Lodge, Gatsibo, Rwanda",-2.357509,30.845256,68
Tremblay and Sons Hospital,"254 Kathryne Highway, Kayonza, Rwanda",-2.471563,29.268477,12
Will - Spinka Hospital,"18217 Bergnaum Highway, Gasabo, Rwanda",-1.999036,29.903011,87
"Jones, Littel and Hane Hospital","49238 15th Street, Gisenyi, Rwanda",-2.751581,29.822195,40
"Nitzsche, Bosco and Corkery Hospital","67589 Pfeffer Skyway, Byumba, Rwanda",-2.311133,30.532561,14
Jones Group Hospital,"991 Reagan Expressway, Kibungo, Rwanda",-2.117104,29.733704,24
Wehner LLC Hospital,"103 Lubowitz Heights, Kigali, Rwanda",-1.407669,30.299967,55
"Herman, Collier and Hamill Hospital","325 S 9th Street, Cyangugu, Rwanda",-2.731124,29.661002,11
Mertz Inc Hospital,"958 Friesen Corner, Kamonyi, Rwanda",-1.3394,28.912064,54
Lesch Inc Hospital,"31303 S Walnut Street, Byumba, Rwanda",-1.069187,29.298994,4
Pagac - Ryan Hospital,"1944 Peter Ports, Butare, Rwanda",-1.614935,30.155499,99
Bogan Group Hospital,"9454 Cavendish Road, Rwamagana, Rwanda",-2.348434,30.853128,83
Nitzsche and Sons Hospital,"33604 Feil Pine, Muhanga, Rwanda",-1.681537,30.28074,29
Rutherford - Reinger Hospital,"9121 W Washington Street, Nyabihu, Rwanda",-2.249615,28.897137,13
Davis LLC Hospital,"43374 Keebler View, Ruhango, Rwanda",-1.173068,28.978046,47
Waelchi - Konopelski Hospital,"610 Cremin Radial, Kigali, Rwanda",-1.127694,29.527334,98
Koelpin and Sons Hospital,"55590 Leffler Freeway, Gasabo, Rwanda",-1.559998,30.530143,55
Runte - Watsica Hospital,"861 Tremayne Forest, Cyangugu, Rwanda",-2.069476,28.993438,52
Schinner - Schroeder Hospital,"539 W 4th Avenue, Kigali, Rwanda",-2.027962,30.812495,75
Kertzmann LLC Hospital,"4128 Hessel Overpass, Kicukiro, Rwanda",-1.489601,30.727612,35
Quitzon - Schimmel Hospital,"8629 White Lodge, Rwamagana, Rwanda",-2.038035,30.810617,95
"Fadel, Hodkiewicz and Nikolaus Hospital","34375 Liana Extension, Ruhango, Rwanda",-2.624148,30.732384,43
Leannon - Doyle Hospital,"370 Padberg Dam, Kicukiro, Rwanda",-2.558312,30.177416,9
Sauer Inc Hospital,"47862 Church Lane, Rutsiro, Rwanda",-2.482223,30.729508,4
Nitzsche - Rowe Hospital,"9136 Sandringham Road, Ngororero, Rwanda",-1.539804,30.672595,40
Fahey - Hackett Hospital,"39021 Ferry Road, Ngororero, Rwanda",-1.140317,28.912474,91
Fay - Sporer Hospital,"946 White Path, Rwamagana, Rwanda",-2.771038,29.313484,98
"Lebsack, Gerhold and Hermann Hospital","24242 Cornell Shores, Huye, Rwanda",-2.470513,30.730795,92
Jacobs - Romaguera Hospital,"99773 S Broad Street, Gicumbi, Rwanda",-1.564595,29.502959,17
Stroman LLC Hospital,"537 Dooley Union, Kamonyi, Rwanda",-1.276521,29.087837,12
Schroeder Group Hospital,"72956 Russel Village, Kayonza, Rwanda",-1.68708,29.576313,38
Wuckert and Sons Hospital,"7774 The Woodlands, Gitarama, Rwanda",-1.095254,30.788784,42
"Jones, Kozey and Dach Hospital","693 Ziemann Roads, Nyabihu, Rwanda",-1.620028,30.36097,91
"Purdy, Reichert and Okuneva Hospital","438 Wisoky Mill, Kigali, Rwanda",-1.519214,29.307104,57
Schuppe Group Hospital,"172 8th Street, Kibuye, Rwanda",-1.706294,30.341672,27
Kuphal LLC Hospital,"1520 Bosco Greens, Kibuye, Rwanda",-1.730486,30.266871,64
Hilpert LLC Hospital,"36491 Schamberger Route, Rutsiro, Rwanda",-1.759846,29.545697,73
Dare - Conn Hospital,"42684 Park View, Ruhengeri, Rwanda",-1.853343,30.341424,77
Muller Inc Hospital,"56011 West End, Rusizi, Rwanda",-1.685213,30.063547,51
"Swift, Ankunding and Prosacco Hospital","6348 Corwin Field, Huye, Rwanda",-2.199645,30.346678,15
Crist Group Hospital,"3725 Itzel Greens, Byumba, Rwanda",-1.548854,30.404795,17
Abbott and Sons Hospital,"6320 Carmel Estates, Burera, Rwanda",-2.147829,30.343664,40
"Powlowski, Nikolaus and Ankunding Hospital","7664 Kingsway, Musanze, Rwanda",-1.583046,29.010158,92
"Ratke, Wuckert and Turner Hospital","6312 Koch Hill, Rulindo, Rwanda",-2.420235,30.381794,66
Casper - Gusikowski Hospital,"7265 Old Road, Nyamasheke, Rwanda",-2.418417,30.714107,13
"Price, Marvin and Abbott Hospital","915 Columbia Avenue, Gasabo, Rwanda",-2.012735,30.554822,16
Goyette Inc Hospital,"6633 Cross Lane, Ngororero, Rwanda",-2.648536,30.174122,40
"Swift, Effertz and Ward Hospital","952 Sipes Terrace, Nyamasheke, Rwanda",-2.250492,30.667998,27
"Dickens, Anderson and Zulauf Hospital","33241 Rahsaan Fall, Rubavu, Rwanda",-2.243273,30.89453,98
Thompson and Sons Hospital,"6623 Benny Throughway, Burera, Rwanda",-2.015545,30.146815,24
Swift - Kohler Hospital,"9715 Tito Spring, Nyagatare, Rwanda",-2.828121,28.920998,65
"Harvey, Emard and Willms Hospital","1489 Fiona Trail, Ngororero, Rwanda",-2.20022,29.025491,74
Torp Group Hospital,"5421 Kuhn Views, Nyamagabe, Rwanda",-1.242429,30.22276,90
"Gutmann, Mitchell and Zieme Hospital","17346 E 11th Street, Huye, Rwanda",-1.915088,30.524348,87
Swift - Casper Hospital,"219 Velva Mills, Gasabo, Rwanda",-1.530071,30.478383,80
"Muller, Schimmel and Weber Hospital","293 Andy Corner, Ruhengeri, Rwanda",-1.162759,30.66459,58
Corkery - McClure Hospital,"399 6th Avenue, Gisenyi, Rwanda",-2.698594,29.174833,13
Christiansen - Hand Hospital,"171 Baker Street, Muhanga, Rwanda",-2.736823,30.584638,51
"Boehm, Schaefer and Carter Hospital","243 Balistreri Village, Kayonza, Rwanda",-2.05925,30.776482,33
Sipes LLC Hospital,"596 E Oak Street, Byumba, Rwanda",-2.388293,29.551215,87
Little - Greenholt Hospital,"73992 Susana Pike, Rwamagana, Rwanda",-1.62161,29.092201,87
Daniel LLC Hospital,"78634 Angelita Route, Butare, Rwanda",-1.502419,30.211647,41
Pfeffer - Johnson Hospital,"900 Lebsack Throughway, Nyabihu, Rwanda",-2.112535,30.865009,98
Kerluke Inc Hospital,"2205 Hintz Spur, Kibuye, Rwanda",-1.454928,28.953874,93
Hyatt - Brown Hospital,"5863 Stoltenberg Village, Gatsibo, Rwanda",-2.206961,30.792795,17
Smith - Klocko Hospital,"43120 Marie Views, Gisenyi, Rwanda",-1.130463,29.328065,23
Kunze - Howell Hospital,"4964 Cordie Estates, Kicukiro, Rwanda",-2.305637,29.937089,86
Russel - Stehr Hospital,"10152 Third Avenue, Nyagatare, Rwanda",-1.848787,29.067768,45
Kilback Inc Hospital,"60178 The Rise, Musanze, Rwanda",-1.714316,29.951411,81
Beahan Inc Hospital,"325 Ziemann Courts, Gatsibo, Rwanda",-1.539026,29.943631,27
Weber LLC Hospital,"5236 St Mary's Road, Gatsibo, Rwanda",-2.164799,29.667264,93
Rice - Rosenbaum Hospital,"113 Mariane Ways, Butare, Rwanda",-1.06581,30.117897,88
Johnston - Ratke Hospital,"42849 N 1st Street, Kicukiro, Rwanda",-2.559521,30.21854,24
"Kulas, Romaguera and Kuhlman Hospital","3766 E Cedar Street, Kibuye, Rwanda",-2.578424,29.828623,96
Carter - Kuvalis Hospital,"337 Tyrique Crest, Gisenyi, Rwanda",-2.396926,29.594093,43
Muller Group Hospital,"4334 Guy Fork, Rubavu, Rwanda",-2.61492,28.864624,47
Gibson LLC Hospital,"3121 Yessenia Rest, Kayonza, Rwanda",-2.073049,30.561576,2
Rohan - Witting Hospital,"477 Dexter Center, Byumba, Rwanda",-1.129025,29.787977,98
"Weimann, Connelly and Kunde Hospital","614 Alfred Street, Rwamagana, Rwanda",-1.603218,30.453956,82
"Reinger, Halvorson and Strosin Hospital","8333 Johnston Loaf, Karongi, Rwanda",-1.753499,30.670039,34
Von - Ullrich Hospital,"268 Estella Roads, Gasabo, Rwanda",-2.635721,30.591682,15
Hamill LLC Hospital,"43768 Jordan Rue, Rutsiro, Rwanda",-2.455366,30.234558,31
Runolfsson Group Hospital,"771 Lincoln Road, Kayonza, Rwanda",-2.152818,29.066911,81
Carroll - Spinka Hospital,"99328 Cameron Run, Ruhengeri, Rwanda",-1.383285,29.336112,3
Swaniawski - Huel Hospital,"879 Karianne Divide, Rubavu, Rwanda",-1.735774,29.324565,61
"Nolan, Corwin and Monahan Hospital","5901 Shannon Squares, Muhanga, Rwanda",-2.356673,28.932112,38
Ferry - Kunde Hospital,"6567 Hoeger Lane, Kibuye, Rwanda",-2.220936,30.330527,54
Roberts Inc Hospital,"6518 Buckridge Groves, Kibungo, Rwanda",-1.513191,29.371546,50
Hahn Group Hospital,"51017 Emmerich Fords, Rutsiro, Rwanda",-1.582521,29.840891,44
"Parker, Smith and Christiansen Hospital","3596 Church Avenue, Musanze, Rwanda",-1.335889,30.641262,4
Padberg Group Hospital,"8757 Western Avenue, Kibungo, Rwanda",-1.453077,29.933489,99
"Sipes, Runte and Hettinger Hospital","95348 Anahi Fall, Kibuye, Rwanda",-1.376992,30.330572,14
Bosco and Sons Hospital,"785 Triston Greens, Rusizi, Rwanda",-1.901806,29.236013,66
Bashirian - Heller Hospital,"6617 Jolie Dam, Byumba, Rwanda",-1.841247,30.193116,22
"O'Reilly, Grant and Murphy Hospital","67835 Cole Glen, Kibuye, Rwanda",-1.860767,30.424163,82
"Greenholt, Mitchell and Hoppe Hospital","5708 Watsica Pass, Bugesera, Rwanda",-1.363329,29.029843,98
Beatty Inc Hospital,"12229 Bashirian Junctions, Musanze, Rwanda",-2.233899,30.009042,19
"Sawayn, O'Kon and Stokes Hospital","5494 Bramley Close, Gisenyi, Rwanda",-2.475103,29.531013,49
Auer Group Hospital,"6404 O'Conner Bypass, Karongi, Rwanda",-2.308815,28.965092,73
Kreiger and Sons Hospital,"8849 Windermere Road, Kibungo, Rwanda",-1.487018,29.775008,30
Swift and Sons Hospital,"83491 Harris Grove, Rutsiro, Rwanda",-1.861441,30.513552,0
"Larkin, Little and Schmitt Hospital","20465 Chestnut Grove, Rulindo, Rwanda",-2.726346,29.710637,21
Herzog LLC Hospital,"304 Auer Route, Musanze, Rwanda",-1.998003,29.866053,43
Schroeder - Windler Hospital,"27044 Barrows Springs, Cyangugu, Rwanda",-2.497288,29.289421,4
Runte Group Hospital,"8217 Adams Island, Nyabihu, Rwanda",-2.166898,30.214765,36
"Lockman, Durgan and West Hospital","132 Highfield Close, Kigali, Rwanda",-2.287509,29.052097,11
Treutel - Blick Hospital,"376 S 4th Street, Nyamasheke, Rwanda",-1.115469,28.93893,89
Koch - Hegmann Hospital,"7205 Haley Forges, Kayonza, Rwanda",-2.725348,30.718386,0
Simonis and Sons Hospital,"612 Moises Crest, Nyarugenge, Rwanda",-2.106975,28.86454,34
"Sauer, Nitzsche and Williamson Hospital","1208 Angus Heights, Nyabihu, Rwanda",-2.293145,29.829327,83
Smith Inc Hospital,"73568 Regan Squares, Kayonza, Rwanda",-1.996846,30.413576,69
Heller - Upton Hospital,"68678 Hillside Avenue, Gitarama, Rwanda",-1.478631,30.30524,80
"Crist, Marvin and Lueilwitz Hospital","169 Jabari Path, Nyamagabe, Rwanda",-1.866352,30.445739,47
"Metz, Barrows and Frami Hospital","752 Purdy Freeway, Nyagatare, Rwanda",-1.303693,30.307054,27
Schultz - Padberg Hospital,"31743 Raymundo Land, Butare, Rwanda",-1.927824,29.634587,86
Mills and Sons Hospital,"3882 Kihn Village, Cyangugu, Rwanda",-1.49034,30.759837,88
Davis - Renner Hospital,"52126 Wolf Plain, Gicumbi, Rwanda",-2.467662,29.022673,88
Mosciski - Wisoky Hospital,"53660 Jacobs Mills, Kamonyi, Rwanda",-1.10679,29.730123,52
"Walker, Hoppe and Lueilwitz Hospital","7450 Considine Locks, Burera, Rwanda",-2.216383,30.564391,87
Harris Inc Hospital,"688 Gibson Alley, Nyanza, Rwanda",-1.863242,29.966605,33
"Schneider, Harvey and Beatty Hospital","689 Pedro Avenue, Muhanga, Rwanda",-1.762217,29.926111,91
McKenzie Inc Hospital,"194 Kellen Radial, Huye, Rwanda",-1.268859,30.461361,86
"Pollich, Wiza and Ritchie Hospital","60558 Grand Avenue, Cyangugu, Rwanda",-2.562534,30.570113,46
Metz Group Hospital,"69039 Bosco Course, Kamonyi, Rwanda",-2.59871,28.968443,46
Champlin and Sons Hospital,"5195 Peter Mount, Kamonyi, Rwanda",-2.096605,29.942116,87
"Williamson, Reichel and Satterfield Hospital","14797 Cristobal Course, Burera, Rwanda",-1.202744,30.314928,4
Gerhold Inc Hospital,"3512 Beatty Forges, Muhanga, Rwanda",-1.060742,30.40311,99
"Kuhic, Bradtke and Prohaska Hospital","9302 W High Street, Ruhango, Rwanda",-1.533341,30.232866,38
Wilderman - Lang Hospital,"99739 Floy Crescent, Rutsiro, Rwanda",-2.19532,29.566389,28
"Goyette, Nienow and Lang Hospital","87637 The Spinney, Kamonyi, Rwanda",-1.162578,30.73386,1
Beier - Kemmer Hospital,"8968 Baumbach Freeway, Rulindo, Rwanda",-1.485904,29.863382,31
Schowalter and Sons Hospital,"962 Church Street, Gatsibo, Rwanda",-2.538256,30.428713,19
O'Keefe Inc Hospital,"252 N Washington Avenue, Gatsibo, Rwanda",-2.212486,30.700204,16
Botsford - Bauch Hospital,"11644 Noemy Crossing, Nyamagabe, Rwanda",-1.786406,29.012225,21
Schimmel and Sons Hospital,"67684 Dietrich Spurs, Rutsiro, Rwanda",-1.130646,30.287107,31
"Bruen, Spencer and McKenzie Hospital","64892 Eliseo Locks, Kibungo, Rwanda",-1.383704,30.207183,90
"Kemmer, Olson and Lueilwitz Hospital","46379 S Central Avenue, Huye, Rwanda",-2.522491,29.637904,80
"Anderson, Parker and Homenick Hospital","40068 McGlynn Flat, Gatsibo, Rwanda",-2.649468,30.399042,69
Shields Inc Hospital,"2654 Hirthe Pike, Rutsiro, Rwanda",-2.617792,30.35236,90
"Larkin, Veum and Kunde Hospital","36049 Klocko Highway, Bugesera, Rwanda",-1.165566,30.239858,91
Wiegand - Treutel Hospital,"7685 Heather Close, Rusizi, Rwanda",-2.098219,30.555232,80
"Zieme, Torp and Kuhlman Hospital","70041 Central Avenue, Kibuye, Rwanda",-2.625504,30.575944,78
Harris Group Hospital,"287 Luettgen Ridges, Ngoma, Rwanda",-2.018013,29.245309,58
Langosh - Welch Hospital,"505 Schiller Unions, Rulindo, Rwanda",-2.730489,29.191784,71
Wilkinson - Stanton Hospital,"7888 First Street, Musanze, Rwanda",-1.456757,30.10559,77
Cummings - Labadie Hospital,"71004 Ashtyn Rest, Butare, Rwanda",-2.710591,29.984087,73
"Oberbrunner, Cassin and Hegmann Hospital","4846 Oak Street, Nyanza, Rwanda",-2.223794,30.106675,26
Hills - Greenfelder Hospital,"80844 Araceli Square, Karongi, Rwanda",-1.067821,28.97996,8
Wolff Group Hospital,"9423 Leuschke Port, Huye, Rwanda",-2.444905,30.459901,16
"Kemmer, Hyatt and Sawayn Hospital","63531 South Avenue, Nyamasheke, Rwanda",-1.633897,29.743265,75
Jerde Inc Hospital,"132 S 7th Street, Gitarama, Rwanda",-1.782352,29.343262,93
Pfeffer Inc Hospital,"795 Maybelle Lock, Kicukiro, Rwanda",-2.11649,29.444623,89
Franey LLC Hospital,"47888 Cherry Street, Muhanga, Rwanda",-2.037162,30.894734,87
Ferry - Donnelly Hospital,"1618 Schmitt Turnpike, Gasabo, Rwanda",-1.999083,30.781538,92
Fisher - Mitchell Hospital,"7676 Talbot Road, Kayonza, Rwanda",-1.414409,29.208736,45
Rohan Group Hospital,"247 Gunner Place, Burera, Rwanda",-2.444062,29.976314,96
Kilback and Sons Hospital,"239 Felicity Landing, Nyanza, Rwanda",-1.800854,29.252973,27
Paucek - Oberbrunner Hospital,"66217 Rolfson Harbors, Bugesera, Rwanda",-2.629806,30.028453,77
"Schimmel, Parker and Steuber Hospital","64766 Xzavier Island, Gatsibo, Rwanda",-1.844169,29.519626,9
"Kertzmann, Ziemann and Powlowski Hospital","710 Church Close, Gatsibo, Rwanda",-2.018411,30.737851,43
Corwin - Schowalter Hospital,"940 Stroman Loop, Ngoma, Rwanda",-1.659852,30.342579,15
"McKenzie, Krajcik and Wunsch Hospital","7566 Tromp Ferry, Bugesera, Rwanda",-2.779112,30.415912,18
"Swift, Schinner and Braun Hospital","38338 Murazik View, Rulindo, Rwanda",-1.426504,30.885658,16
Gislason - Konopelski Hospital,"178 Aufderhar Ville, Nyabihu, Rwanda",-2.380314,30.375055,57
Schaden - Walter Hospital,"46944 Ike Island, Nyamasheke, Rwanda",-2.714884,30.313758,51
Rowe - Williamson Hospital,"9364 Lulu Bridge, Kigali, Rwanda",-1.424247,30.016835,86
Rohan - Gislason Hospital,"343 Delilah Green, Ruhengeri, Rwanda",-1.593624,30.007207,31
Carroll and Sons Hospital,"6983 Bartoletti Mission, Ruhengeri, Rwanda",-2.35329,29.519235,21
Prosacco LLC Hospital,"25777 Cole Brooks, Gitarama, Rwanda",-1.502088,28.966045,92
"Hudson, Schmeler and Leannon Hospital","478 Church Hill, Kibungo, Rwanda",-1.570159,30.002711,94
"Hills, Cremin and Orn Hospital","68623 King Parkway, Cyangugu, Rwanda",-2.653532,30.185738,45
Runolfsson - Boyer Hospital,"29877 Mohr Islands, Butare, Rwanda",-2.591088,29.041402,73
Orn Inc Hospital,"146 Alfonso Prairie, Nyagatare, Rwanda",-2.655325,30.570925,21
"Streich, Daniel and Boyer Hospital","26304 Felicity Overpass, Gatsibo, Rwanda",-2.741161,29.482625,78
"Kshlerin, Moen and Block Hospital","395 Homenick Ferry, Rusizi, Rwanda",-1.416849,29.857925,45
"Altenwerth, Casper and Sipes Hospital","63186 Carleton Valley, Nyamasheke, Rwanda",-1.378333,29.082432,21
Smitham - Watsica Hospital,"7949 Schamberger Brook, Byumba, Rwanda",-2.741292,29.18469,74
Cruickshank - Cronin Hospital,"653 Zaria Meadow, Gisenyi, Rwanda",-1.70914,29.916846,10
Auer LLC Hospital,"893 Priory Close, Gasabo, Rwanda",-2.809885,28.871998,32
Quigley Inc Hospital,"928 Coronation Avenue, Gisenyi, Rwanda",-2.767956,29.806622,28
"DuBuque, Tromp and Ernser Hospital","1426 Grant Street, Burera, Rwanda",-1.649596,29.012237,94
Klocko - Rowe Hospital,"90240 Cassin Avenue, Ngoma, Rwanda",-2.747569,29.074812,22
"Wiza, Mertz and Considine Hospital","441 The Paddocks, Gatsibo, Rwanda",-2.263232,30.400051,46
Baumbach LLC Hospital,"288 State Line Road, Kibungo, Rwanda",-2.362517,29.396567,50
Little LLC Hospital,"89309 Spruce Street, Gicumbi, Rwanda",-1.958322,30.237955,98
Hyatt and Sons Hospital,"844 Wisozk Fords, Rutsiro, Rwanda",-1.055677,29.062577,14
"Crona, Fay and Breitenberg Hospital","73592 Woodlands Close, Rutsiro, Rwanda",-1.250242,29.95089,79
Jaskolski - Murray Hospital,"5847 Howard Road, Cyangugu, Rwanda",-1.44837,29.950287,98
Kunze - Nitzsche Hospital,"49342 Ash Street, Ngoma, Rwanda",-2.802683,28.866154,33
"Howe, Herzog and Daugherty Hospital","556 The Mews, Byumba, Rwanda",-1.074346,29.241799,3
Johnson and Sons Hospital,"5666 Douglas Crossing, Rusizi, Rwanda",-1.488655,29.683605,48
"Bruen, Shanahan and Wilkinson Hospital","429 River Road, Ruhengeri, Rwanda",-2.563454,29.803812,32
"Abbott, Dare and Kilback Hospital","5433 High Street, Karongi, Rwanda",-1.68509,30.220805,99
Skiles - Rice Hospital,"22004 Church Road, Gatsibo, Rwanda",-2.539421,29.202122,19
Carroll and Sons Hospital,"8715 Sanford Forge, Kibungo, Rwanda",-1.293023,29.860112,4
Feest - Herzog Hospital,"8293 Jermaine Neck, Gisenyi, Rwanda",-1.581093,30.02626,61
Jerde Group Hospital,"32420 S 5th Street, Rwamagana, Rwanda",-2.251501,30.487903,14
"Kling, Maggio and Kling Hospital","3909 Abbott Cove, Kamonyi, Rwanda",-2.252526,30.537416,32
"Flatley, Hintz and Fritsch Hospital","4714 Sipes Centers, Kigali, Rwanda",-2.553708,30.126321,39
"Harvey, Hudson and Blanda Hospital","62713 Maegan Junctions, Ruhango, Rwanda",-1.3013,30.579661,33
Ortiz Inc Hospital,"45593 S High Street, Nyagatare, Rwanda",-1.353631,30.290623,32
Kuphal - Von Hospital,"6501 Keeling Viaduct, Nyagatare, Rwanda",-1.901772,30.455177,78
"Welch, McLaughlin and Ledner Hospital","50738 Claudia Coves, Musanze, Rwanda",-2.413386,29.496157,96
"Osinski, Jakubowski and Lang Hospital","920 Lori Fall, Kibungo, Rwanda",-1.955324,30.626516,65
Hayes LLC Hospital,"64999 W North Street, Rulindo, Rwanda",-1.879092,30.149787,2
Gislason Inc Hospital,"2642 Center Street, Gisenyi, Rwanda",-1.917524,30.631463,91
Wisozk - Veum Hospital,"139 E 11th Street, Muhanga, Rwanda",-1.780669,30.026997,1
"Franey, Ziemann and West Hospital","299 Thea Point, Kamonyi, Rwanda",-2.181558,29.618877,59
Gottlieb - Waelchi Hospital,"52102 Kathryn Loaf, Ngororero, Rwanda",-1.862971,30.221917,11
"Rowe, Padberg and Langworth Hospital","9437 Araceli Green, Musanze, Rwanda",-2.502508,28.929011,25
Little Group Hospital,"47302 Orville Bypass, Gicumbi, Rwanda",-2.716331,30.699074,64
Kilback Inc Hospital,"985 Bettye Spurs, Kigali, Rwanda",-2.424583,29.837138,59
Luettgen and Sons Hospital,"6028 Rogahn Alley, Bugesera, Rwanda",-1.786338,29.867046,21
Hilll LLC Hospital,"2931 Herzog Causeway, Gasabo, Rwanda",-2.458999,30.55327,96
Stiedemann LLC Hospital,"5246 Lowe Loaf, Kibungo, Rwanda",-2.450358,29.385625,3
Grimes - O'Conner Hospital,"9573 Alford Canyon, Huye, Rwanda",-2.099144,29.095174,77
Streich - Leannon Hospital,"38402 Heaney Common, Ruhengeri, Rwanda",-1.318589,30.838962,26
Pfeffer and Sons Hospital,"65575 A Street, Nyarugenge, Rwanda",-2.635508,30.492695,7
"Crooks, Toy and Sauer Hospital","8935 Riverside Drive, Butare, Rwanda",-2.168596,29.139685,67
Homenick and Sons Hospital,"16910 Wiza Crossing, Karongi, Rwanda",-1.160015,30.089019,37
O'Hara Inc Hospital,"443 Rosenbaum Lane, Rusizi, Rwanda",-1.065728,29.694711,40
Lehner and Sons Hospital,"921 Price Burg, Kibungo, Rwanda",-1.452579,30.322381,66
Witting - Stoltenberg Hospital,"9900 Cole Cliffs, Rulindo, Rwanda",-1.531506,29.501557,26
Spencer Group Hospital,"455 E 3rd Street, Gitarama, Rwanda",-2.114092,30.517163,67
"Ullrich, Brakus and Nikolaus Hospital","825 Edythe Wells, Kicukiro, Rwanda",-1.530004,29.64934,76
Wilderman LLC Hospital,"72391 Gottlieb Dam, Musanze, Rwanda",-1.673319,30.636511,58
Stanton and Sons Hospital,"7474 Kunze Mount, Karongi, Rwanda",-1.153571,28.885145,12
"Cormier, McClure and Zulauf Hospital","82854 Rau Plain, Nyanza, Rwanda",-1.148444,29.456436,6
Klocko - Little Hospital,"4832 Sipes Crescent, Ruhengeri, Rwanda",-2.064656,30.568233,79
Breitenberg Inc Hospital,"8447 Terrance Mountains, Rulindo, Rwanda",-1.307884,29.958774,59
Fahey - Krajcik Hospital,"42307 Madie Place, Kigali, Rwanda",-2.150935,29.42622,66
Kirlin LLC Hospital,"7234 7th Avenue, Ruhango, Rwanda",-1.15887,30.392585,48
"Kub, Olson and Watsica Hospital","955 Juniper Close, Gitarama, Rwanda",-1.163566,29.520153,22
"Keeling, Terry and Rodriguez Hospital","5645 Simonis Fords, Nyarugenge, Rwanda",-2.448435,30.018427,32
McGlynn and Sons Hospital,"325 Windsor Close, Rutsiro, Rwanda",-2.475469,30.340788,80
"Witting, Ratke and Kuvalis Hospital","93972 N Pine Street, Ruhengeri, Rwanda",-1.688727,29.814041,88
"Carter, Toy and Beier Hospital","254 Orchard Street, Rusizi, Rwanda",-2.572756,29.801651,13
Purdy Inc Hospital,"1911 West End, Karongi, Rwanda",-1.845233,29.515388,37
"Aufderhar, Harris and Schulist Hospital","76216 Ellsworth Groves, Rulindo, Rwanda",-2.106372,30.32403,29
Volkman - Spinka Hospital,"9122 Joseph Green, Gicumbi, Rwanda",-2.562979,29.206623,97
Jakubowski LLC Hospital,"7383 Rowe Road, Muhanga, Rwanda",-1.360541,30.006432,34
"Moen, Johns and Rempel Hospital","9951 Birch Avenue, Gicumbi, Rwanda",-2.6493,30.587993,39
Gibson - O'Connell Hospital,"5550 Schiller Ports, Muhanga, Rwanda",-1.485481,29.893643,60
"Lebsack, Jakubowski and Zemlak Hospital","5303 Sofia Crest, Nyabihu, Rwanda",-1.66847,30.284082,14
Price Inc Hospital,"2871 Aniya Isle, Karongi, Rwanda",-1.716788,29.949176,79
Feest - Lemke Hospital,"13028 Shane Manor, Nyamagabe, Rwanda",-2.632337,29.562403,68
"Cremin, Kulas and Grady Hospital","59568 Jayde Harbor, Ruhengeri, Rwanda",-2.025213,29.472859,5
Daugherty LLC Hospital,"96821 E Broad Street, Nyamagabe, Rwanda",-2.517653,30.003802,40
"Homenick, Greenfelder and Goyette Hospital","372 Broadway, Ruhango, Rwanda",-1.699617,29.050923,1
Kessler and Sons Hospital,"5494 W 3rd Street, Kamonyi, Rwanda",-2.490792,30.399754,87
Will - Vandervort Hospital,"238 Dicki Centers, Cyangugu, Rwanda",-1.805814,29.725571,24
